pred,label
2,2
1,1
3,6
3,9
2,2
2,2
6,10
2,2
3,6
1,1
2,2
2,2
3,0
1,1
2,2
1,1
3,5
3,8
2,2
3,9
3,5
2,2
2,2
2,2
1,1
2,2
3,13
3,3
6,13
3,2
1,1
1,1
3,11
1,1
2,2
2,2
2,2
1,1
3,8
2,2
2,6
2,2
3,5
1,1
2,2
1,3
2,8
2,2
1,13
2,2
2,2
2,1
3,11
2,2
3,10
2,2
2,2
1,1
1,1
2,2
3,8
1,1
3,3
2,2
2,8
2,2
3,3
3,6
2,2
3,5
2,2
2,6
2,1
2,2
3,9
3,8
2,1
2,1
2,2
3,11
2,2
2,2
2,2
2,2
3,3
2,2
3,0
2,2
3,11
1,2
2,2
2,2
3,9
1,1
6,17
3,6
2,2
1,11
3,11
2,2
2,2
3,5
3,11
3,0
3,6
2,1
2,2
2,2
3,6
3,6
3,3
3,5
3,3
3,3
2,2
3,11
1,1
2,2
3,3
2,6
2,2
3,11
3,3
2,2
2,1
1,1
1,1
2,2
3,11
2,2
3,9
1,1
2,0
2,2
3,0
2,8
2,2
2,3
2,2
2,2
2,2
1,1
2,2
3,0
3,5
2,2
3,11
2,2
3,11
1,1
2,1
3,2
3,0
2,2
2,2
3,8
2,2
2,2
1,1
3,10
2,1
2,2
2,8
1,1
2,2
1,1
1,1
2,2
3,0
2,8
2,2
2,0
2,2
1,2
2,2
3,0
2,3
3,13
2,2
1,1
2,2
1,1
2,2
2,2
2,2
2,2
2,2
2,2
1,1
2,2
1,1
3,11
2,2
3,2
2,2
1,1
2,2
2,2
2,6
1,1
2,2
2,2
2,2
3,3
3,11
2,3
2,2
3,11
2,2
2,2
14,12
3,3
3,0
2,1
3,3
2,2
3,3
1,3
1,1
2,1
2,2
2,2
2,1
2,2
2,2
2,2
2,6
2,2
2,2
1,2
3,6
1,1
2,2
3,9
2,2
2,2
2,2
3,3
1,1
2,2
2,2
2,1
1,0
1,1
1,1
2,2
1,1
3,5
1,1
5,10
3,5
14,14
2,8
2,2
1,13
2,2
2,2
2,2
2,1
2,2
2,2
2,2
2,2
3,5
2,2
2,2
2,2
2,2
2,2
3,3
14,2
2,2
2,1
3,9
2,2
2,2
1,1
2,2
1,1
3,8
2,2
3,5
3,3
2,2
3,5
3,2
2,2
1,1
2,2
1,1
2,2
3,2
1,2
3,5
2,8
2,3
5,10
2,2
3,8
3,11
2,2
2,2
3,0
2,2
2,13
2,2
2,2
3,11
2,2
3,11
1,2
2,1
1,1
2,2
17,2
2,2
2,2
1,2
3,9
3,8
2,2
1,1
2,2
2,2
1,1
2,2
3,13
2,2
1,0
2,2
2,2
2,0
2,2
2,2
1,1
2,2
3,9
2,2
14,12
3,11
3,9
2,2
2,2
2,2
2,2
2,2
3,5
2,2
2,2
2,2
2,2
2,2
2,6
3,6
2,2
3,8
3,6
3,6
3,11
2,2
3,10
6,10
2,2
2,2
2,2
2,2
1,1
2,2
3,11
1,1
1,2
2,2
3,0
3,5
5,17
10,8
2,2
3,2
2,2
2,1
2,2
3,6
2,3
2,2
2,2
2,2
2,2
2,2
1,1
2,2
0,10
2,2
2,2
3,6
3,6
3,3
3,6
1,1
2,8
2,2
3,11
2,2
3,6
2,2
2,2
2,2
1,1
3,3
1,1
1,1
2,2
2,1
1,1
3,13
2,2
1,12
2,2
3,0
1,2
1,1
3,9
3,9
2,2
2,2
2,2
2,2
2,2
2,11
2,2
3,6
3,6
2,2
1,1
2,2
2,2
2,2
2,12
2,2
2,2
2,2
2,2
2,2
2,2
2,2
2,2
2,2
2,2
2,2
1,1
3,11
2,2
3,11
1,1
1,1
1,1
3,0
2,1
3,5
2,2
2,2
2,2
2,6
1,1
2,2
6,0
6,2
2,2
3,0
2,0
2,2
3,0
3,9
3,5
1,1
2,2
6,11
2,1
2,2
1,1
2,2
3,9
2,2
1,1
2,3
2,2
6,17
2,2
2,2
1,2
1,2
14,6
2,2
2,2
2,2
3,5
2,0
2,2
2,2
2,2
1,1
2,2
2,2
2,2
2,2
2,2
2,1
2,2
2,2
3,11
2,2
2,2
1,1
2,2
1,2
2,1
1,1
2,2
3,6
2,2
3,2
3,8
2,2
2,8
2,2
2,11
2,2
2,2
2,2
2,2
2,2
1,17
2,2
2,1
2,2
3,6
2,2
3,1
2,2
3,2
2,8
3,11
1,1
2,2
2,2
3,8
2,2
2,1
1,1
2,1
2,2
3,6
2,2
2,1
3,6
2,6
2,2
2,2
0,10
0,17
2,2
2,2
2,2
2,6
2,2
2,2
2,2
14,0
3,11
3,11
2,2
2,2
2,2
2,2
1,1
2,6
2,3
2,2
1,1
2,2
2,2
2,1
3,8
2,2
2,2
1,1
2,2
2,1
2,11
3,6
2,2
1,1
1,1
3,10
1,1
1,2
1,1
2,2
2,2
2,2
3,2
3,6
2,2
2,2
2,2
2,2
2,3
2,1
2,2
2,2
3,11
2,2
2,2
2,2
2,3
2,2
1,10
1,1
2,2
2,2
2,2
2,1
1,1
3,11
2,2
2,2
2,2
3,3
2,2
3,0
2,2
3,6
14,17
1,1
3,3
2,2
2,2
2,2
2,2
2,2
3,11
2,2
2,2
2,2
2,1
2,2
2,2
2,2
2,2
2,1
2,2
2,2
1,1
2,2
2,2
3,0
2,6
2,2
0,10
2,9
2,2
6,8
2,2
2,0
3,3
3,11
2,2
2,1
3,0
2,2
3,11
3,0
1,1
3,8
2,2
3,10
3,6
5,17
2,2
2,2
2,1
2,2
2,2
2,2
3,0
2,2
2,2
3,3
3,3
2,2
3,9
3,2
2,2
3,11
3,6
2,2
2,2
5,17
2,0
2,2
2,2
1,2
2,2
2,2
2,2
3,6
1,12
1,1
3,6
2,2
2,8
2,2
2,2
2,2
2,2
2,3
3,9
1,1
2,2
2,2
6,17
2,2
3,11
2,1
2,2
3,0
3,6
2,2
3,9
2,8
2,2
1,1
2,1
2,2
2,2
1,1
3,0
2,2
3,8
3,5
2,2
2,2
6,10
3,0
2,2
2,2
3,3
0,17
3,8
3,8
2,1
3,9
2,2
1,1
2,2
2,2
1,2
2,2
2,2
2,2
2,2
2,2
3,0
2,2
3,11
3,8
2,2
1,1
1,1
3,0
2,2
2,2
2,2
2,2
3,5
2,2
2,1
2,2
2,2
2,2
2,1
2,1
2,2
3,11
1,1
3,6
3,9
2,2
2,2
2,2
2,2
2,2
2,12
2,2
2,2
3,13
3,8
3,3
2,2
14,14
2,2
3,6
3,3
1,1
2,6
3,11
3,11
2,2
2,2
3,8
2,2
3,8
2,2
2,2
2,2
2,2
2,2
3,3
3,0
2,2
1,1
6,17
2,0
2,2
2,2
2,2
6,17
2,2
2,8
2,2
3,0
2,2
3,2
3,0
3,6
2,2
2,2
3,11
2,1
2,2
2,2
2,2
2,2
2,2
2,1
2,2
2,2
3,11
3,11
3,13
2,2
2,1
2,2
3,9
5,10
2,2
2,2
2,2
2,2
2,2
3,11
3,0
1,1
2,2
3,2
2,2
2,2
3,5
2,2
3,5
3,11
2,2
1,1
2,2
1,1
1,9
2,2
2,2
2,2
2,2
2,2
6,10
2,2
2,2
2,2
14,12
2,2
1,1
2,6
1,1
2,2
2,2
2,2
2,2
2,2
2,2
1,1
3,11
14,16
3,5
2,2
3,3
2,2
3,5
2,2
3,6
2,2
2,2
2,2
2,2
2,3
3,2
2,1
2,8
1,6
2,2
3,10
2,2
2,2
2,2
2,3
2,2
2,6
3,5
6,17
2,0
2,2
2,2
1,1
2,2
1,1
3,3
2,2
3,5
2,2
2,2
3,2
6,10
2,2
1,12
2,2
3,13
3,9
3,3
2,2
3,6
2,2
2,8
2,1
2,2
2,2
1,2
2,2
3,3
1,1
3,11
3,17
2,2
2,8
1,1
2,2
2,1
3,5
1,1
2,2
2,2
2,2
6,17
2,2
1,8
3,11
6,11
2,2
2,2
6,13
1,1
1,1
2,2
3,11
2,2
2,2
2,2
2,1
1,1
2,2
2,3
2,1
2,2
2,2
1,1
2,2
2,2
2,2
2,8
3,6
2,2
3,11
3,11
1,1
2,2
2,2
2,1
2,2
2,2
3,6
3,9
3,0
2,2
2,8
2,1
1,1
2,2
2,2
2,2
2,2
2,3
2,2
1,1
2,1
2,1
3,6
3,6
1,1
1,1
2,2
2,6
2,2
3,11
2,2
2,2
2,2
3,3
1,1
3,8
1,1
2,2
1,1
2,2
2,2
1,6
2,2
2,2
2,2
2,2
2,2
2,2
1,1
2,1
2,2
3,5
2,2
2,2
2,2
2,2
2,2
2,2
2,2
3,11
3,3
1,1
2,2
2,2
1,1
2,2
2,2
2,2
3,3
3,3
2,2
1,11
3,6
3,11
2,2
2,2
10,17
2,2
1,1
2,2
1,1
3,5
2,2
3,9
3,6
3,11
2,8
1,11
2,2
3,3
3,6
2,8
2,2
2,6
2,2
1,1
2,2
2,2
3,0
3,2
2,2
3,0
1,1
2,2
2,2
2,2
3,6
2,2
2,2
6,17
2,2
2,2
2,2
2,2
3,8
2,2
2,2
2,2
2,6
2,2
2,2
2,1
2,2
3,9
3,8
2,2
1,1
2,2
1,2
2,6
2,2
2,1
2,2
2,2
1,1
3,5
2,2
2,2
2,1
2,2
2,2
1,1
2,2
2,2
2,2
1,2
3,0
2,2
2,2
48,8
2,2
2,2
3,8
2,2
14,13
2,6
1,1
2,2
1,1
3,5
2,1
2,8
2,9
2,2
2,1
2,2
2,2
2,2
2,2
2,2
2,2
1,1
3,6
2,2
1,2
1,6
2,2
3,6
0,17
2,2
1,1
2,2
1,1
2,2
2,2
3,3
3,3
3,5
3,9
1,1
2,2
2,2
2,2
2,2
2,1
2,0
1,1
2,8
3,3
3,6
3,11
2,8
1,14
3,10
2,2
3,11
3,0
3,6
2,2
1,2
2,2
2,2
2,2
2,2
2,2
1,1
2,0
2,2
3,6
3,6
3,11
2,2
2,2
2,2
2,2
2,2
2,2
2,0
2,2
2,2
2,2
2,1
3,9
3,11
2,2
1,6
3,0
2,2
2,2
2,2
2,2
2,2
3,6
2,3
2,2
2,2
3,8
2,2
2,2
2,6
2,2
2,2
1,13
1,1
3,11
3,8
1,8
2,2
1,1
2,2
1,1
2,2
3,2
2,2
2,2
2,2
2,2
3,9
2,1
2,2
2,8
2,2
2,1
2,1
3,3
2,2
5,3
3,0
1,1
14,14
3,11
2,2
2,2
2,2
2,2
2,2
3,5
2,2
2,8
1,1
1,1
2,1
2,2
3,9
3,5
3,0
1,1
2,2
1,1
2,2
2,2
3,6
2,2
1,1
3,8
2,2
2,2
3,10
2,2
2,2
2,2
2,2
2,2
3,3
2,2
3,9
2,6
2,2
2,1
2,2
1,1
3,11
1,1
2,2
2,2
2,1
3,11
10,17
2,2
2,2
1,1
1,1
2,1
1,1
2,2
2,2
2,3
2,2
1,1
2,2
2,2
2,2
2,2
2,2
2,2
3,5
14,14
2,2
2,2
3,3
3,5
3,6
2,6
2,2
2,2
3,9
6,10
3,11
2,2
2,2
2,1
2,2
2,2
2,2
1,1
1,1
3,0
2,2
2,1
3,8
1,1
2,2
2,2
2,2
2,6
5,17
1,1
2,2
2,2
2,2
3,8
2,2
2,2
1,1
2,2
2,8
3,6
5,17
3,8
2,2
3,5
2,2
0,8
2,2
3,3
2,10
3,9
2,2
3,5
1,1
2,2
2,1
2,3
8,17
3,3
3,11
2,1
2,6
1,1
2,8
2,3
2,1
2,2
2,2
2,2
2,8
3,5
2,1
2,2
2,2
2,2
3,2
2,2
3,2
2,2
3,6
2,2
2,2
1,1
2,3
2,2
3,0
2,2
2,2
2,1
2,2
2,2
2,2
2,2
3,11
2,2
2,2
2,1
2,1
2,2
1,2
2,2
2,2
2,2
5,0
2,3
3,3
2,2
3,8
2,2
2,2
2,2
2,2
2,2
3,9
2,2
2,2
3,3
2,2
2,0
2,2
2,2
14,12
2,2
3,5
2,2
2,2
2,2
2,3
0,2
2,2
2,1
3,3
2,6
1,1
2,2
2,2
2,2
2,3
3,6
2,2
2,2
3,13
3,3
3,6
2,2
3,2
1,9
2,1
2,2
1,1
2,1
2,2
2,2
3,6
3,8
2,3
3,0
2,2
2,2
2,2
2,2
1,1
3,6
2,2
2,2
1,1
2,2
2,2
2,2
2,6
1,12
3,3
2,9
3,0
2,2
2,2
1,1
3,9
2,2
2,2
2,5
3,5
2,2
2,2
3,3
3,11
2,2
6,17
3,5
1,1
2,2
3,6
2,2
2,2
2,10
2,2
2,2
3,9
6,17
1,1
2,1
2,8
2,2
2,2
2,2
2,2
1,17
1,1
2,2
3,6
2,2
3,11
2,2
2,2
2,2
2,2
3,0
2,2
3,6
1,2
2,2
2,2
2,2
2,2
2,2
2,2
1,1
1,1
3,6
2,2
2,15
2,2
2,1
2,2
5,17
2,2
2,2
2,1
2,2
3,6
2,2
2,1
2,2
2,2
3,11
3,11
2,2
2,8
2,2
3,0
2,2
2,2
3,3
1,15
3,8
1,1
2,2
2,2
2,2
2,2
2,2
2,2
2,2
2,2
2,1
2,3
2,2
1,1
1,1
2,2
6,10
1,6
3,3
1,1
2,2
2,3
3,3
5,17
6,11
2,2
1,2
2,1
2,2
2,2
1,1
2,2
2,2
2,2
6,17
2,2
2,2
3,0
3,3
2,2
3,3
2,2
3,11
2,2
2,1
2,6
2,2
1,2
2,2
3,3
2,2
2,6
3,11
2,2
2,2
3,0
3,11
2,2
3,11
3,3
2,2
2,2
2,2
2,2
5,17
2,2
2,2
3,8
2,2
2,6
2,8
2,2
2,2
2,2
3,3
1,1
2,2
2,2
3,8
2,2
6,10
2,2
2,2
3,9
2,2
2,2
2,2
2,2
2,6
2,2
1,2
6,10
2,2
2,6
2,2
2,2
14,2
1,1
2,1
2,2
2,2
3,8
3,2
2,2
3,11
1,1
2,2
2,2
2,2
1,1
3,5
3,11
3,13
2,2
1,1
0,13
2,2
2,2
2,2
2,2
3,0
3,9
2,2
6,17
3,11
2,2
2,2
2,2
2,2
6,10
3,3
2,2
2,6
2,2
2,2
3,11
2,2
2,1
2,2
2,2
2,2
2,2
3,3
3,2
1,1
6,17
1,1
2,2
2,2
2,2
2,2
1,13
1,1
2,6
2,2
2,2
1,2
3,0
2,2
3,6
2,6
2,2
3,6
5,8
2,2
1,2
3,6
3,3
3,11
2,1
2,2
1,1
5,10
2,2
3,11
2,2
1,1
2,2
2,2
2,2
2,2
1,1
3,3
2,8
1,1
3,6
3,11
14,15
14,12
2,2
2,0
2,8
3,11
2,2
3,3
2,2
2,2
2,8
2,2
2,2
2,2
2,2
3,11
1,1
2,2
1,2
1,1
2,2
1,1
2,2
3,11
2,2
2,2
2,2
2,2
0,13
2,2
2,2
1,1
2,2
3,0
6,8
2,2
2,2
2,2
3,0
2,2
2,2
1,6
3,0
2,2
2,2
2,2
2,2
2,8
1,1
3,13
3,8
2,2
2,2
3,0
1,1
2,2
2,2
3,2
2,2
1,1
2,2
2,2
3,0
3,0
3,9
2,2
2,3
2,2
2,2
2,6
3,6
2,2
2,6
2,2
2,2
2,2
2,2
3,13
2,2
1,1
2,2
2,2
1,1
3,9
1,1
2,2
1,2
2,2
3,0
14,14
2,2
2,8
3,0
2,2
2,8
3,8
1,2
1,2
2,2
3,0
2,2
3,11
1,15
2,2
2,2
2,2
2,6
2,2
2,2
2,2
2,2
2,2
3,8
2,2
2,2
2,2
3,2
2,2
3,5
3,10
3,3
2,2
2,2
1,6
2,2
2,2
2,8
1,1
2,2
2,2
17,8
2,2
3,13
2,2
2,2
2,2
2,6
2,3
2,2
2,2
3,6
2,9
2,1
3,5
3,10
2,2
2,0
2,2
2,0
3,8
2,2
2,2
2,1
2,1
2,2
2,2
2,0
2,8
2,2
1,1
3,8
2,1
2,2
2,2
3,5
3,8
2,2
2,2
3,6
1,1
2,2
1,1
2,1
2,2
2,8
3,17
3,3
2,2
2,2
2,2
2,0
2,2
3,5
2,2
2,2
2,2
1,2
2,2
2,2
3,6
2,1
2,2
2,2
3,11
2,1
2,2
3,5
2,2
3,3
2,2
2,2
2,2
1,1
3,6
2,2
2,2
1,1
2,2
2,2
2,2
2,2
1,1
3,0
2,2
2,1
2,6
3,0
2,2
2,2
2,2
2,2
2,2
2,6
2,2
3,0
2,2
3,8
2,1
3,11
2,2
2,2
2,0
0,2
2,2
2,6
2,2
2,2
2,2
2,2
3,6
2,2
2,2
2,2
2,3
2,2
2,6
2,2
2,2
2,2
2,1
3,6
2,2
3,6
1,1
1,1
3,11
3,11
1,1
2,2
2,2
2,8
3,8
2,2
3,11
2,3
2,2
2,2
2,2
2,2
3,11
3,9
2,2
2,2
2,2
2,2
3,0
2,2
1,1
3,8
2,2
2,2
2,2
3,11
2,2
2,2
2,2
2,1
1,1
2,2
2,2
1,2
1,1
2,2
2,2
2,2
2,2
2,6
2,2
3,11
1,1
3,11
2,2
2,2
2,2
3,11
2,2
2,3
2,2
3,0
3,8
2,2
2,6
3,8
1,1
2,2
2,2
1,1
2,2
2,2
2,2
2,2
3,3
3,0
2,2
14,12
2,2
2,2
2,2
3,0
3,9
2,2
3,17
2,2
1,1
3,8
3,5
2,2
2,1
1,1
2,3
3,10
2,2
2,2
3,8
2,2
2,2
2,2
2,2
1,1
2,2
1,6
2,2
2,6
2,3
1,12
1,1
10,13
2,2
2,2
3,11
3,11
2,2
2,2
2,2
2,2
6,17
2,2
2,2
2,11
3,11
2,9
2,2
3,11
2,2
1,1
1,1
2,2
2,2
2,2
2,2
2,2
1,1
2,2
2,2
2,2
3,6
2,2
2,2
1,1
3,8
2,17
2,2
2,2
2,2
1,3
1,1
2,2
2,2
2,1
3,9
3,6
2,2
2,6
3,5
2,2
2,2
2,2
2,2
3,11
1,1
6,13
1,1
2,2
3,11
2,8
2,2
2,2
2,1
3,3
2,2
3,11
3,3
3,5
2,2
2,2
2,2
3,5
1,1
2,2
2,2
2,2
2,2
3,0
3,6
2,2
2,2
2,2
2,2
2,2
3,11
2,2
2,2
2,8
2,2
2,2
1,2
3,3
2,2
3,11
1,2
3,6
2,2
2,2
2,2
2,2
1,1
2,8
3,5
2,2
2,2
1,13
2,2
2,2
3,6
11,2
3,6
2,2
6,6
2,2
2,1
2,2
2,2
2,2
2,8
2,1
2,2
2,2
6,17
2,2
3,3
10,0
1,1
2,2
2,2
1,1
3,11
2,6
2,0
2,2
15,8
2,2
2,2
3,6
2,2
2,2
3,11
3,8
3,5
2,2
2,2
2,2
2,2
3,9
2,2
1,13
3,8
2,2
2,2
2,2
3,3
2,2
3,9
2,2
3,10
3,8
3,3
2,2
2,2
2,2
2,2
2,10
2,2
3,11
2,2
2,2
2,2
5,17
2,8
3,0
3,11
2,2
11,11
2,2
2,1
2,13
2,2
2,2
1,1
2,2
2,2
2,2
1,8
2,2
2,2
2,3
2,2
2,2
2,2
3,10
2,3
2,2
2,1
2,2
2,2
2,2
2,2
2,2
1,1
2,2
2,2
2,2
2,2
2,2
3,3
2,6
1,1
2,2
1,1
2,2
2,2
2,2
2,2
2,2
2,13
3,8
3,6
2,6
2,2
2,2
3,11
2,2
2,2
2,1
2,2
2,1
3,0
3,0
2,2
2,2
2,2
2,2
3,11
3,3
1,1
2,2
2,2
2,2
3,6
2,2
3,8
2,2
2,2
2,2
2,6
3,3
1,1
2,0
1,1
2,2
3,2
2,2
3,5
3,6
2,8
2,2
3,0
48,6
2,2
2,2
2,2
3,3
1,1
2,2
0,8
2,2
3,9
48,8
1,1
1,1
2,2
1,1
1,1
3,8
3,10
2,2
2,2
2,1
2,2
3,10
2,2
1,8
2,2
2,2
2,2
2,2
2,6
2,2
2,2
1,1
2,11
3,6
3,0
1,1
3,3
2,2
2,2
1,1
2,2
6,11
2,2
2,2
2,2
2,3
1,1
3,6
5,8
2,2
1,1
3,6
2,2
2,2
2,2
2,1
2,2
2,2
2,2
3,11
2,2
2,2
2,1
2,2
1,1
2,2
2,2
2,2
2,1
1,2
1,1
2,2
1,1
2,2
3,2
1,1
17,6
2,2
2,2
2,2
2,2
2,2
3,11
3,11
2,2
2,2
2,2
2,2
2,2
2,2
2,2
3,11
2,2
2,6
2,2
2,2
2,2
2,2
3,6
2,2
2,2
2,2
2,0
2,2
1,1
3,0
2,2
2,2
3,6
2,2
2,2
3,0
2,2
2,2
3,6
2,6
2,2
2,2
2,2
2,2
2,2
3,11
2,2
2,10
2,2
3,0
1,1
2,2
2,2
3,8
3,0
3,11
1,1
1,1
2,2
2,2
2,2
2,1
2,2
3,3
2,2
2,2
2,2
2,2
2,2
3,6
2,2
3,6
3,3
2,2
2,2
2,2
2,2
5,10
1,1
2,1
2,2
2,2
2,2
2,2
2,2
2,2
3,6
2,2
2,1
17,8
3,5
3,0
3,8
1,1
17,2
14,13
2,2
2,2
2,2
2,2
2,11
3,5
2,2
1,1
1,1
3,5
2,2
2,1
2,8
3,5
3,3
2,1
3,8
1,1
6,17
2,2
2,2
2,2
2,2
2,1
2,2
2,2
2,2
14,13
2,2
2,2
1,12
1,1
3,5
1,1
2,2
3,9
2,2
3,8
3,5
2,2
2,1
2,2
2,2
3,8
1,1
1,1
0,5
2,2
1,2
2,0
3,8
2,2
2,2
2,2
2,2
2,1
2,3
2,2
3,8
1,1
2,2
3,0
2,2
2,2
2,2
1,1
2,8
2,2
2,2
2,2
1,1
3,0
5,17
2,1
1,2
2,2
3,13
2,2
2,2
2,8
2,2
2,1
0,10
2,2
3,5
2,2
2,2
2,2
2,17
2,2
2,2
1,1
3,8
2,2
2,8
2,2
6,10
1,1
3,3
3,9
2,1
3,0
2,2
1,1
2,2
2,2
2,2
1,1
3,6
2,2
2,8
2,1
6,10
1,1
1,1
1,1
2,1
2,2
2,2
2,2
2,2
2,2
1,1
1,8
3,0
3,8
2,1
3,6
2,2
1,1
6,8
3,3
2,1
2,17
2,10
2,8
2,2
3,6
2,2
3,5
2,2
2,2
2,2
3,0
2,2
2,2
2,2
2,2
2,2
2,1
2,2
1,1
2,8
3,8
3,11
1,1
2,2
3,0
2,3
2,2
2,2
2,2
3,3
2,3
3,0
3,13
2,2
1,1
2,2
2,2
3,11
2,2
2,2
2,2
2,2
2,2
2,2
2,2
3,0
2,2
3,11
3,6
2,2
2,1
3,6
2,1
1,1
2,2
3,11
2,2
1,1
1,1
3,11
2,17
2,2
2,2
2,2
2,1
2,2
3,3
1,1
1,1
2,2
3,11
2,2
1,1
1,1
1,2
1,1
2,2
2,2
2,2
0,8
3,10
2,2
2,2
2,2
3,0
2,6
2,2
2,2
1,1
3,0
1,1
2,1
2,8
3,11
3,1
2,2
3,10
2,2
1,1
2,2
2,2
1,1
2,2
2,2
2,2
2,2
3,3
3,8
2,6
2,2
1,1
2,2
3,6
2,2
2,2
3,11
2,2
2,2
2,2
6,10
2,2
2,2
2,2
1,1
2,2
3,3
2,2
2,1
1,1
3,8
2,2
2,2
2,2
2,2
3,11
1,1
3,3
1,6
1,1
2,2
48,17
1,1
2,2
2,2
1,2
2,2
2,2
2,2
1,1
2,1
2,2
2,1
2,2
2,2
2,2
1,1
2,2
2,2
5,0
3,9
2,1
2,2
2,2
2,1
2,2
2,2
1,13
1,1
2,2
2,2
3,8
2,8
2,8
6,0
2,2
1,1
3,11
2,2
1,1
2,2
2,11
2,2
2,2
2,2
2,2
2,2
2,2
2,2
3,6
3,5
2,2
2,2
3,11
2,2
2,3
2,2
2,2
3,3
3,5
3,3
2,2
2,2
2,2
3,0
17,0
2,2
1,2
2,10
1,1
2,1
3,3
2,8
2,2
2,2
3,11
3,8
1,1
2,2
2,2
2,2
2,2
2,8
2,3
3,6
2,2
3,10
2,2
14,17
2,2
2,2
2,2
3,3
2,2
2,2
2,2
1,1
2,2
2,2
1,2
3,10
2,2
2,2
3,3
1,1
2,2
3,8
1,2
3,8
3,8
2,2
2,2
10,17
3,9
2,2
2,2
3,11
1,1
2,2
2,2
2,2
3,11
3,2
3,11
3,3
2,2
3,0
2,2
2,2
3,3
3,8
2,1
2,2
2,2
2,2
2,2
2,2
2,2
3,13
2,2
1,1
3,0
2,2
2,8
2,2
2,2
3,0
3,11
2,2
3,9
3,11
2,2
3,5
2,2
2,8
2,1
2,2
6,10
2,2
1,1
2,2
2,2
1,1
3,11
2,2
2,2
2,2
2,2
1,1
1,1
2,2
2,2
2,2
1,1
2,2
3,11
2,2
2,2
2,2
3,6
2,2
2,2
2,2
2,2
1,1
2,2
3,8
2,1
2,2
2,2
2,2
2,2
2,6
2,2
2,2
3,9
6,13
2,2
6,13
2,2
3,6
2,2
2,2
2,2
2,2
2,2
2,2
2,2
1,1
1,1
2,2
1,1
2,2
3,3
3,3
2,2
3,11
2,2
2,3
3,10
1,1
2,2
1,1
2,2
2,2
2,2
2,2
2,2
2,2
1,1
3,11
1,1
3,2
2,2
1,1
3,0
2,2
2,9
2,2
2,2
3,6
1,1
2,2
1,17
3,0
2,2
3,8
3,9
1,1
2,2
2,2
2,2
1,1
1,12
2,2
2,2
2,2
2,2
2,2
2,1
2,2
1,8
2,2
3,2
1,1
2,3
3,0
6,10
2,2
2,2
2,2
2,2
3,8
2,2
2,2
3,11
2,2
3,8
2,13
2,2
2,2
2,1
1,1
2,2
1,1
2,2
2,2
2,2
2,2
2,11
2,2
2,2
2,2
1,1
8,8
2,2
2,2
2,2
3,6
2,2
2,10
2,2
2,2
2,1
2,2
1,1
2,2
3,6
2,2
3,3
3,11
1,1
2,2
2,8
2,2
2,2
1,1
2,2
2,2
3,11
3,3
2,2
3,3
2,8
3,11
2,8
2,2
1,1
2,8
2,2
1,1
2,2
2,6
2,2
3,5
2,2
2,2
1,1
2,1
2,2
3,3
2,2
2,2
3,10
3,6
1,1
2,2
1,1
1,1
3,11
2,2
3,5
3,10
2,2
2,2
2,2
2,2
2,3
3,17
2,2
2,2
2,3
2,6
2,8
3,5
2,2
2,2
2,2
1,1
3,2
6,17
1,2
2,8
2,1
3,5
2,2
3,3
1,1
2,2
1,13
1,1
2,2
2,2
2,2
2,1
2,2
2,6
2,2
2,9
3,9
2,2
2,3
2,2
2,2
2,3
2,6
2,2
2,2
1,2
2,2
3,8
2,2
2,2
2,2
3,8
2,2
3,0
3,8
2,2
2,2
3,8
2,12
2,2
2,2
3,11
1,1
2,2
2,1
3,5
0,2
2,2
2,3
2,2
2,2
2,2
3,0
3,13
2,2
2,2
2,2
2,2
2,2
2,2
2,2
2,3
3,0
3,0
2,2
3,6
2,2
2,2
1,1
2,1
2,0
3,9
1,1
3,3
1,13
2,2
2,2
1,1
5,17
3,11
2,2
3,3
2,2
2,3
2,2
2,8
2,2
6,17
2,2
2,2
6,10
2,2
1,1
2,1
2,2
2,2
1,1
2,2
0,8
3,11
3,2
1,2
2,2
2,2
2,2
1,2
2,2
1,1
2,2
2,2
2,2
1,2
2,2
1,1
2,2
3,0
2,2
6,8
2,2
2,2
2,2
2,2
3,6
2,2
2,1
2,2
2,2
2,2
1,1
14,13
3,0
3,11
2,2
2,2
1,1
1,6
2,2
3,6
2,2
2,2
2,2
2,2
2,2
3,3
2,2
2,2
2,2
2,2
1,1
1,1
14,13
3,6
2,6
2,2
14,2
1,1
2,1
2,2
2,2
1,1
2,1
2,2
2,2
2,2
2,2
2,1
2,2
2,3
3,6
2,2
2,1
2,1
2,2
3,8
2,2
2,2
2,2
2,2
2,2
1,1
2,2
3,2
2,2
2,2
2,2
2,2
3,9
3,0
3,8
2,1
2,2
3,11
2,2
2,2
1,1
2,2
2,6
2,2
2,2
2,2
2,2
2,2
2,2
10,17
3,3
2,2
2,2
2,2
2,9
2,2
2,2
2,2
2,2
3,5
1,1
2,2
2,2
0,17
2,2
1,1
2,2
2,2
3,0
2,2
1,1
2,2
2,2
3,2
2,2
3,10
2,17
1,1
3,6
2,2
2,2
2,2
2,1
2,2
3,5
2,2
3,3
3,9
2,2
0,2
2,2
2,2
3,11
2,2
2,6
2,2
2,2
1,11
2,2
6,17
3,5
2,1
2,2
2,2
3,6
2,2
2,2
2,2
2,2
2,2
2,2
2,3
2,2
2,2
3,0
2,6
3,11
1,1
1,1
2,2
3,3
2,2
3,11
2,2
3,0
3,11
2,2
2,2
2,2
2,2
3,5
1,1
2,2
5,8
1,0
3,11
2,2
2,2
3,5
2,2
2,8
2,2
2,2
2,2
14,15
2,2
2,2
2,2
2,11
2,2
1,1
3,0
1,2
2,2
2,2
2,2
3,11
2,2
3,6
2,2
5,13
3,8
2,2
2,2
2,2
2,6
2,2
2,2
3,6
1,1
1,6
2,2
3,0
2,2
2,2
3,0
2,2
2,2
2,1
2,1
2,2
1,2
2,2
3,6
1,1
2,2
2,2
2,3
2,2
2,2
2,2
2,2
2,8
2,2
2,2
2,2
3,11
2,2
2,2
2,2
1,1
2,2
1,1
2,2
2,2
1,0
6,10
2,2
3,10
3,2
2,2
2,2
1,17
3,8
1,1
2,2
2,2
1,1
3,8
3,5
2,2
2,2
2,2
2,3
2,2
2,2
2,2
1,1
3,8
3,0
2,8
3,0
2,2
2,2
2,2
3,6
2,2
1,1
2,0
1,1
2,8
2,2
3,5
2,2
3,8
3,3
2,2
2,2
1,1
2,2
2,2
2,2
3,9
3,0
3,6
1,1
1,14
2,2
3,8
3,5
1,1
3,5
3,8
2,2
2,2
2,2
2,2
3,0
3,5
2,11
2,1
1,1
2,2
2,2
2,2
6,10
3,5
2,10
2,2
2,2
2,1
2,2
2,2
2,2
2,2
2,2
1,1
2,2
2,2
1,2
3,3
2,2
2,2
2,2
3,11
3,11
1,1
2,2
2,2
3,10
2,2
2,2
2,2
2,2
2,1
1,1
2,2
3,11
1,1
2,2
3,2
3,0
2,2
2,2
2,2
2,3
2,6
3,8
1,1
1,1
1,1
1,1
1,1
2,2
2,2
2,2
3,11
1,1
3,11
2,2
2,2
3,10
1,1
2,2
10,0
3,5
2,2
2,2
2,2
1,13
3,3
2,2
2,2
2,10
6,8
2,6
1,1
1,2
2,2
1,1
15,13
2,2
2,1
3,0
3,3
2,2
3,2
2,2
2,2
3,0
2,2
2,2
2,2
2,2
3,5
3,8
2,2
2,2
2,2
3,0
2,2
3,3
2,2
1,1
2,2
2,2
2,1
3,5
2,2
2,8
1,6
2,2
3,9
2,3
2,2
6,17
2,2
3,5
2,15
2,3
2,2
2,2
2,2
3,5
3,5
2,2
2,2
1,1
3,11
1,1
2,2
2,2
2,8
2,2
2,9
2,3
5,17
1,1
2,1
2,2
2,2
2,2
2,2
3,0
2,1
1,13
3,6
2,1
2,2
2,2
2,2
2,2
2,2
3,5
3,11
3,3
2,2
2,2
2,2
2,2
2,2
2,2
2,1
2,2
3,11
2,2
2,2
5,0
2,10
3,5
2,2
2,1
5,6
2,2
2,2
2,3
2,2
2,2
0,17
3,6
2,2
2,2
1,1
2,8
2,2
2,2
2,2
3,5
2,2
2,2
2,2
2,2
3,6
2,2
1,1
2,3
1,1
2,2
2,3
2,2
2,2
2,9
2,2
2,2
2,2
3,9
2,2
1,1
2,2
1,1
2,2
2,2
2,2
2,2
2,2
3,11
2,3
3,5
2,2
2,2
2,2
2,6
2,2
2,2
3,3
0,8
3,11
3,0
2,2
2,2
1,1
3,10
2,2
1,12
3,6
1,1
2,2
1,1
2,2
3,11
1,1
3,11
2,2
2,2
2,2
1,1
2,2
3,11
2,2
2,2
2,2
2,2
2,1
2,2
2,1
2,2
2,2
2,2
2,2
2,2
3,3
2,6
3,11
2,2
2,2
2,2
2,2
2,2
2,2
1,2
2,3
2,2
3,5
3,11
1,1
3,3
3,11
3,3
14,2
2,2
1,1
2,2
3,11
2,2
3,3
2,2
2,3
2,1
2,2
2,8
3,8
1,1
1,2
2,2
3,6
2,2
2,2
6,17
2,2
3,6
2,0
2,2
1,1
3,0
1,1
2,2
2,2
2,2
1,2
2,2
2,2
3,2
2,2
2,2
2,2
2,2
2,1
1,1
2,2
3,0
1,1
2,2
2,2
2,2
1,1
2,2
2,2
2,2
2,2
2,2
1,1
2,10
2,2
2,2
2,3
2,2
2,2
2,2
2,2
3,11
2,3
2,2
3,2
2,2
2,2
2,2
2,2
3,6
3,0
2,0
1,1
2,2
2,2
2,8
3,5
3,11
2,2
1,1
6,17
2,2
2,2
3,11
2,2
2,2
3,0
0,17
2,2
3,10
3,11
17,8
2,6
2,2
2,1
3,8
2,8
2,2
2,6
2,2
6,8
2,1
2,2
2,2
2,2
3,8
1,1
2,2
2,2
2,2
2,1
3,0
1,2
2,2
2,2
2,0
3,11
2,2
2,2
1,1
2,2
2,2
1,1
2,6
2,1
2,2
2,2
2,2
2,2
1,1
3,13
2,2
3,11
2,2
2,2
2,6
2,2
3,11
2,1
2,2
14,10
3,8
3,11
2,2
3,3
2,2
2,2
2,2
8,17
2,2
2,2
3,11
1,1
2,2
2,2
2,2
2,2
2,2
2,2
2,2
2,2
3,11
1,1
3,11
2,1
2,2
14,14
2,2
2,2
2,2
2,2
1,1
2,2
2,2
2,2
2,2
3,11
2,2
1,1
2,2
3,8
2,2
2,2
2,2
2,2
2,8
2,2
2,6
2,2
2,2
2,9
2,2
2,2
2,2
2,2
3,11
2,2
2,2
2,2
2,2
2,2
2,1
1,1
3,6
2,2
2,2
2,2
2,13
3,2
3,6
2,2
3,0
2,2
1,1
2,2
1,1
2,2
1,1
2,2
2,2
2,2
1,1
2,2
3,5
1,1
5,10
2,2
2,2
3,13
2,2
2,2
2,2
3,6
2,2
0,17
2,2
3,3
2,2
2,2
1,1
2,2
3,6
3,11
3,3
1,2
2,2
3,8
2,2
2,2
2,1
2,2
2,2
2,1
1,2
2,2
2,2
3,0
2,2
3,8
2,1
2,2
3,3
3,11
2,2
2,1
2,2
2,2
2,2
3,6
2,2
2,2
2,2
2,2
2,2
2,2
14,12
3,6
3,5
2,2
2,2
3,11
2,2
2,2
2,1
3,6
2,2
3,6
2,2
2,15
3,5
2,2
2,2
2,2
2,6
2,2
2,2
2,2
2,2
1,2
2,1
3,3
2,2
3,3
3,11
3,6
2,2
3,6
2,2
3,11
1,1
2,2
2,2
2,2
0,17
2,2
2,2
2,2
3,6
2,2
2,2
2,2
2,2
1,1
2,6
2,2
2,2
3,3
1,1
2,2
3,3
2,0
2,2
2,8
2,2
2,2
1,1
2,2
3,0
2,1
2,3
1,1
3,3
2,2
2,2
2,2
3,9
2,2
3,5
2,2
2,2
3,3
2,2
2,2
2,2
2,2
1,1
2,3
3,11
2,2
2,2
1,1
2,2
2,2
2,2
2,2
2,2
2,2
2,2
2,2
2,2
2,2
2,2
2,2
2,2
14,12
14,14
2,2
2,2
2,2
3,2
2,1
1,1
2,1
1,1
2,2
2,2
3,11
2,2
2,2
2,2
2,2
2,2
1,1
2,8
1,1
2,2
2,2
2,2
2,2
3,6
3,0
1,1
3,9
1,1
3,5
2,2
2,2
5,2
2,1
0,10
2,2
2,6
6,17
2,2
2,8
2,15
2,2
2,2
1,2
2,2
2,2
2,2
3,0
2,2
2,2
1,1
2,2
3,5
5,8
3,11
2,2
2,2
1,1
3,5
1,1
2,2
1,1
6,17
1,9
3,3
2,2
1,1
2,1
3,6
2,2
2,2
2,1
6,10
3,9
3,6
3,2
2,2
1,1
2,2
2,2
1,1
2,2
2,2
3,10
2,2
3,11
2,2
2,2
2,2
2,2
2,1
3,8
2,2
2,2
6,10
3,11
2,2
1,1
2,2
2,6
2,2
3,3
3,11
2,2
1,1
2,3
2,2
2,2
1,1
1,1
3,11
2,2
2,2
1,1
2,2
2,1
2,2
2,1
2,2
2,6
3,11
2,2
1,2
3,6
3,11
2,2
2,2
1,1
2,2
2,2
5,17
3,6
3,11
2,2
2,2
2,2
2,2
5,17
2,1
2,2
1,1
3,6
2,2
2,2
3,11
1,1
2,2
2,1
1,2
1,1
2,2
2,2
2,2
2,8
2,8
1,2
3,5
1,1
1,9
1,6
2,2
3,0
2,2
2,2
3,3
2,2
2,2
2,2
48,14
2,2
3,6
1,11
2,2
3,3
2,2
2,2
2,2
1,1
1,1
2,2
3,2
1,1
2,2
2,2
2,2
2,2
1,1
3,11
2,2
2,3
1,1
1,1
17,9
2,2
2,9
1,1
2,2
3,8
2,2
2,2
2,2
2,2
1,1
2,2
3,11
3,8
2,2
2,2
2,2
2,2
3,13
1,1
2,2
6,11
3,2
2,2
1,2
2,2
2,3
2,2
2,2
2,2
2,2
2,2
2,2
2,2
2,8
0,8
3,0
3,0
2,2
2,2
3,0
1,1
2,2
9,8
3,0
2,2
3,5
3,0
2,2
2,2
2,2
3,0
1,1
2,2
2,2
3,0
6,10
2,8
3,11
2,2
2,8
2,2
2,2
2,2
1,1
2,2
2,3
2,8
2,2
2,2
3,11
2,1
1,1
3,5
3,3
2,2
2,2
2,2
2,2
2,2
2,2
17,10
3,3
3,6
2,3
1,1
1,1
2,3
2,1
3,11
2,2
2,2
2,2
2,2
2,2
2,2
2,2
3,5
2,2
2,2
2,1
2,2
2,2
2,2
2,2
2,2
2,2
2,2
2,1
1,1
2,9
2,12
2,2
3,11
3,5
2,2
2,2
2,2
2,2
2,2
3,3
2,6
2,2
1,2
3,6
1,2
2,6
1,1
3,10
1,1
6,0
3,3
2,9
2,2
2,2
2,2
1,1
2,2
3,3
2,2
2,2
2,2
3,0
2,2
3,11
2,2
2,1
2,2
2,2
2,2
1,1
3,11
3,11
2,2
2,2
3,3
2,2
3,11
3,2
14,14
1,1
3,10
2,1
1,1
2,2
1,1
3,8
2,2
2,6
2,2
2,2
2,2
2,2
1,1
14,14
3,8
2,2
2,2
2,2
2,2
1,1
2,2
2,2
2,2
2,2
2,2
2,2
1,1
2,2
3,12
2,2
2,2
2,2
2,2
1,1
2,2
2,9
2,2
3,3
2,2
3,3
2,2
0,8
2,9
1,1
1,1
2,2
2,1
2,2
3,5
2,2
2,2
3,6
2,2
3,8
3,8
2,2
2,2
2,3
3,0
3,3
3,6
2,2
2,2
3,0
3,5
2,2
2,2
2,2
3,6
2,2
3,6
2,2
1,2
2,2
2,3
2,2
3,8
2,2
1,1
14,12
2,2
2,2
1,1
2,2
2,0
2,5
2,2
2,2
1,1
3,13
3,11
2,2
3,8
1,1
2,2
2,2
2,2
3,6
1,1
2,2
1,2
14,14
1,1
2,2
3,8
3,0
1,1
2,2
1,1
3,5
1,1
1,1
3,0
2,2
1,1
2,2
2,1
2,1
2,17
2,2
2,5
2,2
1,1
2,2
3,0
2,2
1,1
2,1
3,3
2,2
3,2
2,2
3,11
3,6
1,8
2,2
2,2
1,1
3,17
2,2
2,2
2,3
2,2
2,3
2,2
2,2
2,2
2,2
2,2
3,3
2,2
1,1
3,5
2,1
2,2
14,12
2,2
3,6
6,11
3,14
2,1
2,2
1,1
2,6
1,1
2,2
1,1
2,2
1,1
2,2
3,11
2,2
2,2
1,1
2,1
2,2
6,0
2,2
3,2
1,1
2,2
2,2
2,2
2,6
1,1
2,2
3,11
2,2
1,1
2,2
2,2
2,2
3,10
1,1
3,9
2,2
3,10
2,2
2,2
3,8
1,1
2,6
2,2
2,2
3,6
3,3
2,2
2,2
2,3
3,5
2,2
2,1
2,2
1,1
2,2
3,9
2,2
2,2
1,1
3,5
2,2
2,2
3,2
2,2
2,2
2,2
1,1
3,6
2,2
3,3
3,2
2,2
1,2
2,2
2,2
2,2
6,17
1,1
2,2
2,2
2,2
2,2
3,5
2,2
3,8
2,2
2,6
3,3
3,13
2,2
2,8
1,1
2,2
2,2
2,2
3,8
2,2
2,2
3,5
2,2
2,1
2,2
1,1
2,2
2,2
2,3
2,2
3,11
2,2
2,1
3,6
1,1
2,2
2,2
2,2
3,3
2,2
2,2
2,2
3,6
1,1
2,2
1,1
1,1
3,8
2,6
2,2
3,11
3,5
2,2
3,3
2,2
2,2
2,2
2,2
2,8
9,11
0,17
2,2
2,2
3,0
1,1
2,1
6,9
2,2
2,2
2,2
2,2
2,2
1,1
2,2
2,2
2,2
2,2
2,5
1,2
2,2
2,2
2,1
3,10
2,2
2,6
2,2
3,3
2,2
2,2
1,1
3,11
2,2
2,2
2,2
1,1
2,2
2,2
3,11
3,6
1,1
1,1
3,8
2,2
2,2
1,1
2,2
2,2
2,2
2,2
2,2
2,2
1,2
2,2
2,6
2,2
2,6
2,2
2,2
2,2
3,0
14,15
2,2
2,2
1,3
3,11
3,6
2,8
3,10
2,2
5,17
3,0
17,13
2,2
2,2
2,2
3,5
2,2
2,2
3,11
2,2
3,8
3,0
1,2
2,2
3,11
2,2
3,11
2,2
2,2
2,2
2,2
2,2
2,2
3,6
3,6
3,5
1,1
2,2
2,2
1,2
2,2
2,1
2,2
2,2
2,2
2,8
3,0
2,2
2,2
2,1
2,2
3,17
2,2
2,2
2,2
3,0
1,2
2,6
3,11
2,2
2,2
3,11
2,2
2,2
2,2
2,2
2,2
1,1
2,2
3,0
2,8
3,9
3,8
14,8
2,2
2,2
2,2
2,2
3,6
1,1
2,2
1,9
2,1
2,2
2,12
2,2
2,2
3,9
2,2
1,1
2,2
3,0
2,2
2,2
2,1
2,2
1,1
2,6
1,1
2,2
3,6
2,1
3,0
1,1
3,0
2,2
2,2
2,2
2,2
3,3
3,0
2,2
3,0
2,2
1,1
2,2
2,2
3,3
3,13
3,11
2,2
1,1
2,2
2,2
1,1
2,2
2,2
1,1
5,17
5,17
2,2
2,2
2,2
6,10
3,5
2,2
3,6
2,2
1,1
2,2
2,2
3,3
2,2
2,2
3,0
2,2
2,2
2,2
2,2
2,1
2,1
2,2
1,1
2,2
3,3
2,2
2,2
3,0
2,1
3,6
2,2
1,1
3,5
3,0
2,2
2,2
2,3
2,2
2,2
3,9
2,2
3,11
3,0
2,2
3,0
3,0
3,0
1,6
3,3
3,0
2,2
3,5
2,2
2,2
2,2
2,2
2,2
3,0
2,1
2,2
2,1
2,8
1,2
2,6
3,9
2,2
2,2
2,2
3,11
3,2
2,2
3,11
1,1
1,1
3,10
2,2
17,11
3,6
3,0
2,2
2,2
2,2
2,6
2,2
3,9
2,2
1,2
2,2
2,2
2,2
2,2
3,8
1,1
2,2
2,2
3,10
2,2
2,2
14,13
2,2
2,2
2,2
2,2
1,1
3,5
2,2
2,2
2,1
2,2
2,2
2,6
1,1
1,1
2,2
2,6
2,2
2,2
2,11
1,1
2,2
2,2
2,2
2,2
2,2
1,1
2,6
3,6
2,3
2,2
2,2
2,2
2,2
1,1
2,12
2,1
2,2
2,2
2,2
2,2
2,1
3,5
2,2
2,2
1,1
3,8
0,6
3,6
2,2
2,2
6,17
2,2
2,2
2,2
2,2
2,2
3,0
2,2
3,9
1,1
2,2
3,5
2,2
2,2
2,2
1,1
1,1
1,1
2,6
1,1
2,2
2,1
5,17
2,2
3,0
1,13
2,2
3,3
1,1
2,2
3,0
3,9
2,2
6,0
2,2
2,2
2,2
2,2
3,6
2,2
2,2
0,17
2,1
2,2
14,13
1,1
2,2
2,2
2,2
2,1
3,11
3,6
2,2
3,11
3,11
9,8
2,2
2,2
2,1
2,2
2,2
2,8
5,17
3,2
2,6
2,2
2,2
3,11
2,1
3,5
3,3
2,2
3,8
2,2
2,2
2,6
2,2
2,2
2,2
3,11
2,2
2,2
2,2
2,1
3,0
3,6
2,2
3,9
2,2
2,2
14,15
2,2
2,2
1,1
1,1
2,2
3,6
2,2
5,13
2,2
2,2
2,3
3,11
2,2
2,2
2,2
3,6
2,2
2,2
3,9
2,2
2,2
2,2
2,2
2,2
2,2
2,2
3,9
2,2
2,8
2,1
2,6
2,6
2,2
2,3
3,11
2,8
2,2
2,2
3,11
2,2
3,10
3,8
2,3
2,1
3,6
6,0
2,2
2,1
2,2
2,3
3,8
2,2
2,2
3,11
3,2
2,2
2,2
2,2
3,5
3,0
6,9
3,11
2,2
2,2
2,2
3,5
2,3
3,5
3,5
2,2
2,2
2,2
2,2
2,2
3,0
2,2
1,1
3,5
2,2
2,2
3,0
1,1
3,3
3,0
2,3
2,2
2,2
2,1
10,2
3,6
2,2
2,2
3,5
3,11
2,2
2,2
1,1
2,11
3,11
2,2
2,2
2,2
3,0
2,3
2,2
2,3
2,2
2,2
1,1
2,2
5,17
2,2
2,2
2,2
3,6
6,9
48,11
1,1
2,2
1,2
3,11
1,2
3,6
2,2
2,2
2,2
2,2
2,2
2,2
2,2
1,1
3,9
2,8
2,2
3,8
2,2
2,2
1,1
2,2
3,6
2,2
2,2
1,1
3,8
3,5
2,2
1,2
2,2
1,1
2,2
2,2
1,1
3,5
3,3
1,1
1,1
2,1
3,3
3,0
3,6
2,2
6,17
2,2
3,3
2,1
3,2
2,1
2,2
3,3
3,8
2,1
2,2
2,2
14,12
3,2
2,2
2,2
2,2
1,1
2,2
3,3
2,2
2,2
2,2
2,2
2,2
2,1
3,8
2,11
2,6
2,2
14,12
2,1
1,1
2,5
2,2
2,2
2,8
3,0
1,1
1,2
2,8
2,0
3,0
2,2
2,2
2,0
3,11
3,9
2,2
3,5
2,2
2,6
2,2
1,11
1,1
2,2
2,2
3,11
2,2
2,2
3,0
2,2
2,2
1,1
1,1
10,11
3,8
2,2
2,2
1,1
2,2
1,1
3,0
1,1
3,3
14,12
2,8
2,2
1,1
3,6
3,11
2,2
3,6
2,2
2,2
1,1
2,2
3,11
2,2
2,2
2,2
2,2
1,1
2,2
2,1
3,8
2,2
2,8
3,8
2,2
2,2
2,2
3,3
2,2
2,2
3,3
2,2
2,2
2,2
2,1
2,2
1,1
2,2
2,2
2,2
2,2
3,5
3,11
2,2
3,11
2,2
2,2
2,2
2,2
1,1
5,6
1,1
2,2
2,2
2,2
2,3
2,2
2,2
1,1
3,6
2,2
3,5
2,2
2,1
2,2
2,2
3,11
2,2
2,2
2,2
2,2
3,5
2,3
2,2
2,2
2,2
3,0
3,6
1,1
2,1
2,2
2,2
2,2
3,11
2,2
3,5
1,1
1,1
2,2
2,2
2,2
2,2
3,9
2,2
2,0
2,2
2,2
3,0
1,2
1,1
3,6
2,2
2,8
3,11
3,11
2,10
2,1
1,1
3,3
2,2
2,2
2,2
2,2
2,2
3,5
2,2
2,2
2,2
2,2
3,0
3,8
2,2
2,3
1,1
2,2
1,1
2,6
1,12
2,2
1,2
3,8
2,2
2,2
3,0
2,2
2,9
1,2
2,2
3,0
2,2
2,2
1,13
2,1
2,2
2,2
2,2
2,2
2,2
3,2
2,2
2,2
1,2
2,2
2,2
2,2
2,2
2,2
3,11
3,11
2,2
2,3
1,2
0,11
3,3
1,1
2,2
2,2
2,2
2,2
1,1
3,5
2,2
2,2
2,1
2,2
2,2
2,3
2,2
2,2
2,3
2,2
2,2
2,2
2,2
2,2
3,10
2,2
3,8
2,9
2,2
2,2
2,2
2,2
3,9
3,10
2,2
3,3
1,2
2,1
1,1
2,2
1,1
2,2
2,2
2,1
2,2
2,2
3,11
3,3
1,1
2,1
2,2
2,2
2,2
6,10
3,6
3,6
2,2
2,2
2,2
2,2
5,17
2,2
2,2
3,11
3,6
2,2
2,2
1,1
2,2
1,1
3,8
2,8
2,2
2,2
3,2
2,1
2,11
2,2
2,2
14,12
1,1
2,2
3,6
2,2
3,5
2,1
3,5
3,2
3,8
2,2
2,1
2,2
5,8
2,2
2,2
3,0
2,2
3,11
3,6
2,2
2,2
1,1
2,2
3,3
2,2
1,1
3,11
2,2
14,12
3,15
1,12
2,2
2,2
2,2
2,3
3,11
2,2
2,2
3,8
14,12
3,11
2,2
2,2
2,2
48,8
2,1
2,2
3,0
3,6
2,2
2,2
3,0
2,3
3,2
2,2
2,2
3,8
2,6
6,2
2,2
2,2
3,2
1,1
3,5
3,3
2,2
2,2
2,2
2,2
2,2
2,2
6,17
2,2
2,2
2,2
1,1
2,1
2,2
2,2
2,2
2,2
2,2
2,2
2,2
2,2
2,1
1,1
1,1
2,1
2,6
2,2
3,11
2,2
2,1
2,2
2,1
2,2
1,1
2,2
1,1
2,8
3,11
1,8
2,2
1,1
2,2
1,6
3,6
1,1
2,1
2,2
3,6
5,6
2,2
2,1
2,2
2,2
2,2
3,6
2,2
1,1
3,11
2,9
2,2
2,2
2,2
2,2
2,2
2,1
2,2
3,8
2,11
2,2
1,1
2,2
2,2
2,2
2,2
1,1
3,2
3,11
1,1
2,2
2,2
1,1
1,1
2,2
2,2
2,2
2,2
1,1
2,2
3,11
2,2
2,2
1,1
2,6
3,11
1,1
3,2
2,2
2,2
2,2
2,2
2,1
2,2
2,2
3,6
2,2
2,2
2,2
3,11
3,5
2,2
1,1
2,2
2,2
2,6
2,2
2,2
2,2
3,11
3,6
2,2
2,1
2,2
2,2
2,2
2,2
2,6
3,17
3,11
2,2
2,9
2,2
2,0
2,2
2,2
2,2
2,2
2,2
2,2
2,8
2,2
3,11
1,1
3,3
2,1
2,2
2,2
6,10
2,2
2,2
2,2
1,1
2,2
3,6
2,2
2,9
1,1
2,2
2,2
2,1
2,2
2,2
3,13
1,1
2,2
2,2
2,17
3,9
3,11
2,2
2,2
2,2
2,1
2,2
3,2
2,2
2,2
3,0
2,2
2,2
2,2
3,8
3,6
2,8
2,2
3,11
2,2
2,3
2,2
3,8
2,8
3,11
2,9
2,1
1,1
1,1
2,8
2,2
2,2
2,2
3,9
2,2
2,2
2,2
3,3
2,2
3,5
2,2
1,1
1,1
2,2
2,2
2,2
2,2
2,2
3,11
1,1
2,2
2,0
2,2
2,2
1,1
5,8
2,2
2,2
3,3
2,2
2,2
2,2
3,0
1,1
3,6
3,3
2,2
2,2
2,2
2,3
2,2
2,2
2,2
3,3
2,3
2,1
2,2
2,2
3,3
2,2
2,8
1,1
2,6
2,9
2,2
2,2
2,2
2,2
3,6
3,11
3,6
2,1
2,2
1,1
2,2
2,2
3,1
2,2
2,2
2,2
2,8
1,1
2,8
2,2
6,17
2,2
2,2
2,2
2,1
3,6
1,1
2,2
1,2
2,6
1,1
2,2
2,2
1,1
2,2
6,10
1,1
2,2
3,5
2,1
3,11
2,2
1,1
2,2
2,2
2,2
2,1
3,3
3,11
2,2
3,3
3,8
2,2
2,2
11,8
2,2
2,2
1,1
2,3
2,2
2,2
3,11
3,2
2,2
3,11
2,1
2,2
1,1
2,2
2,2
1,1
2,3
1,1
3,6
2,2
3,3
2,2
2,2
2,2
1,2
3,6
2,13
1,1
2,2
2,2
2,2
2,2
6,17
2,2
2,2
3,3
2,2
0,8
14,12
3,0
2,2
1,1
2,2
3,11
2,8
3,10
1,1
2,2
1,1
2,2
2,2
2,2
3,0
2,2
2,2
2,2
2,2
3,5
1,1
2,2
3,9
1,1
14,12
2,2
2,2
2,2
2,2
2,2
1,6
1,2
3,6
1,1
1,1
2,2
3,5
3,0
2,2
2,2
2,2
2,2
2,2
2,2
6,17
3,11
2,2
2,2
2,2
1,1
2,2
2,2
3,11
6,10
2,2
2,2
3,8
2,2
2,2
2,2
2,2
2,6
1,1
2,2
2,2
2,2
6,12
2,6
2,2
2,2
2,2
3,8
2,2
1,1
2,6
3,0
2,2
2,2
3,8
2,6
2,2
2,2
2,1
1,1
2,2
2,2
2,6
2,2
3,8
3,3
2,2
0,17
2,2
3,11
2,2
2,2
17,2
3,17
2,2
2,2
3,5
2,2
2,2
2,2
3,11
6,17
3,0
2,2
2,2
3,5
3,3
2,2
2,1
2,2
2,2
1,3
3,6
3,0
2,3
1,2
2,2
3,3
3,2
2,2
2,2
1,1
2,2
5,17
2,2
3,11
2,2
3,5
2,2
3,6
2,2
3,6
2,2
2,8
14,11
1,1
2,1
2,2
3,0
3,8
2,2
3,2
2,2
2,2
0,13
1,2
2,2
17,8
3,3
2,2
2,2
48,13
2,2
3,8
3,11
2,2
3,6
2,2
1,1
2,2
2,2
2,2
0,9
3,11
2,2
2,2
3,6
14,14
3,9
14,12
3,11
3,3
3,2
2,2
3,6
5,13
2,2
3,6
2,2
2,2
1,2
2,2
1,1
3,5
3,9
2,2
2,2
2,2
2,2
2,2
2,3
2,2
2,2
3,11
2,2
2,2
2,3
2,1
2,1
14,12
2,2
2,2
1,2
1,1
2,2
2,2
2,2
2,3
2,0
6,13
3,0
2,2
2,2
2,2
3,6
2,2
1,1
3,9
2,2
2,2
2,2
2,2
3,3
2,9
2,2
1,1
2,2
1,1
1,13
2,6
2,2
2,2
3,6
6,11
2,2
1,1
3,6
2,2
3,6
2,2
2,2
3,8
2,2
2,2
2,2
2,2
3,9
2,2
1,1
2,2
1,2
1,2
6,0
3,0
3,3
2,6
2,8
2,2
3,6
1,9
3,5
2,2
2,2
3,3
3,11
2,2
3,13
2,2
3,6
2,2
2,2
2,2
3,5
5,2
2,2
2,2
3,5
3,9
2,2
2,2
1,1
2,2
3,8
5,17
2,2
3,3
2,2
2,2
2,2
2,2
2,2
2,2
3,3
2,2
2,2
2,2
2,2
2,13
2,2
2,2
2,2
3,3
2,2
2,2
1,1
2,2
2,2
2,2
2,2
2,2
2,1
3,3
2,2
2,2
2,2
2,2
2,2
2,2
3,9
5,17
1,1
3,8
2,2
2,2
5,10
2,2
1,1
3,6
3,0
3,10
2,2
1,1
2,6
2,2
2,0
6,10
2,2
2,2
2,2
2,2
2,2
2,2
2,2
2,2
1,1
2,2
6,10
2,3
2,2
3,11
2,6
2,2
2,2
2,2
3,0
2,2
2,8
2,2
3,6
3,0
2,2
2,3
6,17
2,8
3,9
1,1
2,2
2,2
3,0
2,11
2,2
1,13
2,2
10,6
1,1
3,6
3,3
2,2
2,2
2,2
2,2
2,2
2,2
2,2
3,6
2,2
1,8
2,2
2,0
2,2
10,17
3,8
2,2
2,2
2,2
2,1
3,11
2,2
2,2
2,2
3,0
1,1
3,6
2,0
3,5
2,2
2,2
3,11
2,2
2,2
1,1
3,6
2,2
5,17
1,1
2,2
2,2
2,2
2,2
2,2
3,11
2,2
2,2
2,2
2,2
2,2
3,2
2,2
2,2
3,2
2,2
2,2
2,2
14,14
3,6
3,3
2,2
2,2
2,2
2,2
3,11
3,11
3,6
2,2
2,2
2,2
2,2
2,3
3,6
2,1
2,2
1,1
2,2
1,1
2,2
2,2
2,3
2,2
2,2
2,6
2,2
3,11
1,1
1,1
2,2
2,2
2,2
2,2
3,8
3,11
2,2
2,2
2,2
1,2
2,2
2,2
2,2
2,2
1,1
2,2
2,2
2,2
2,2
3,0
3,8
1,1
2,2
2,2
2,2
3,8
2,2
2,2
3,11
3,2
2,2
3,5
1,1
3,3
1,1
2,2
2,2
3,12
2,1
2,8
1,1
1,1
2,2
2,2
2,9
1,1
1,1
2,1
2,2
2,2
3,8
1,12
2,10
1,1
2,2
2,2
3,11
3,17
2,2
3,9
2,2
2,2
2,2
2,2
2,2
1,1
2,2
2,2
2,2
2,2
2,2
2,2
2,2
2,2
2,2
3,6
1,1
1,1
2,2
2,9
3,11
1,1
2,2
1,1
2,1
2,2
2,2
2,2
1,1
2,2
3,11
3,11
2,2
2,2
2,2
2,2
2,2
17,2
2,1
3,6
1,1
10,6
6,17
2,2
1,1
2,1
2,0
1,1
2,1
3,11
2,2
8,2
2,2
2,2
3,8
2,3
3,5
2,2
2,2
2,2
2,2
6,17
2,2
2,2
1,1
2,2
2,2
2,2
2,2
1,1
2,2
3,6
2,2
3,17
2,2
2,2
2,8
3,3
2,2
2,2
2,2
3,2
2,2
2,2
2,2
2,6
2,2
2,2
2,2
2,2
2,2
2,2
3,5
2,2
3,11
2,2
3,11
2,2
2,2
1,13
2,2
2,1
2,2
3,0
2,2
2,2
2,6
2,2
3,3
2,2
3,5
2,2
3,11
2,2
2,2
3,9
2,10
3,8
2,2
2,2
3,6
2,2
3,5
2,2
1,1
3,3
2,2
2,2
2,2
2,2
1,1
2,2
3,6
3,3
3,13
2,2
3,10
2,2
3,11
2,2
2,2
2,8
2,2
2,8
2,1
2,2
2,2
2,8
2,2
2,2
1,1
2,2
2,2
3,6
2,2
2,2
2,2
2,2
2,2
2,2
2,2
3,5
2,6
2,2
2,2
3,5
3,2
2,2
5,8
2,2
3,0
2,6
3,5
3,11
2,6
3,8
1,1
2,2
1,1
2,1
3,6
1,1
3,11
5,17
2,2
1,1
1,1
3,6
6,8
3,6
2,2
1,1
1,1
3,3
2,2
2,2
2,2
2,1
3,0
2,2
3,9
1,1
2,2
2,2
2,2
3,3
3,8
1,1
2,2
2,2
2,2
2,2
2,2
3,5
2,2
0,17
3,6
2,2
3,9
2,2
3,3
2,2
2,2
2,2
2,2
2,2
2,2
3,11
2,2
3,3
2,2
1,6
2,2
2,2
2,2
6,17
2,2
14,14
3,11
2,2
2,2
14,12
2,2
2,2
2,2
1,1
2,2
2,2
2,2
2,2
1,1
2,2
2,2
2,2
3,5
2,2
2,2
3,11
2,2
2,2
2,2
1,2
2,2
2,2
11,10
2,2
2,2
2,2
2,2
1,1
2,2
1,1
2,2
2,2
2,2
2,1
2,2
2,2
2,2
2,2
1,1
2,2
3,11
3,0
2,2
2,2
2,2
2,2
2,2
1,1
2,2
3,6
2,2
3,9
2,2
1,1
2,0
2,2
3,9
2,1
2,2
1,1
2,2
2,2
1,2
2,2
3,8
2,2
2,2
2,1
1,17
2,6
1,1
2,2
3,6
2,11
2,1
1,1
1,2
2,2
2,2
2,2
2,2
2,2
2,2
2,2
1,1
1,0
1,1
2,3
6,10
1,1
2,3
3,13
2,2
2,2
2,2
2,2
2,2
1,1
2,8
3,11
2,2
2,2
3,6
6,17
2,3
2,2
3,11
2,1
1,1
3,3
2,2
3,0
14,14
2,2
3,8
3,3
2,1
1,13
1,1
3,11
2,8
2,2
1,1
2,2
2,2
2,2
1,2
1,2
2,2
2,2
3,3
2,2
1,2
1,1
2,2
2,2
2,1
1,1
2,3
2,3
2,2
2,2
2,2
3,6
2,2
1,2
1,1
2,2
2,2
1,1
2,2
2,2
2,2
2,2
1,1
2,1
2,2
2,2
2,2
2,2
2,2
1,1
3,11
1,1
2,2
3,9
2,2
2,6
3,6
2,2
2,2
1,1
3,2
2,2
3,6
2,2
2,2
2,0
3,11
2,8
2,8
14,12
2,2
2,2
3,3
3,5
3,5
3,6
2,2
3,3
1,1
1,1
2,2
2,2
1,1
2,2
1,1
2,2
3,8
2,1
2,2
3,3
1,1
2,2
2,2
1,1
1,1
2,2
3,6
2,2
2,2
2,2
2,2
2,2
1,1
2,1
2,2
2,17
2,2
2,2
2,2
2,8
2,2
2,2
2,1
2,2
3,6
2,2
2,9
1,1
3,0
2,2
1,1
2,2
2,2
2,2
2,6
1,1
2,2
2,2
2,3
3,5
2,1
3,8
2,2
2,2
2,11
2,2
2,2
2,2
2,2
3,8
2,2
6,0
2,0
3,3
2,2
1,1
2,2
2,2
2,2
14,13
2,2
2,2
2,1
2,2
2,2
3,11
3,8
2,2
2,2
3,11
2,2
2,2
1,17
6,10
3,11
2,2
1,1
2,2
3,13
1,14
3,11
2,2
2,2
2,2
2,2
3,9
3,0
3,11
2,8
2,2
6,17
2,2
2,2
2,2
2,2
6,0
2,2
3,11
1,1
3,8
2,2
3,3
10,2
2,2
2,2
3,0
2,2
2,3
2,1
14,12
2,8
2,2
2,2
1,1
3,11
1,2
3,6
2,1
1,1
2,2
2,2
2,2
3,11
2,2
3,9
3,9
1,1
0,13
1,1
2,2
3,5
2,2
2,2
2,2
1,1
3,2
2,6
2,3
2,2
2,2
1,1
3,11
1,1
2,2
2,2
3,11
1,2
2,2
2,2
3,2
1,17
2,2
3,11
1,1
3,2
2,2
2,12
2,2
3,11
2,2
2,2
2,2
2,2
1,1
2,2
2,2
2,2
2,2
3,13
2,2
3,6
2,2
2,2
3,11
3,2
1,1
2,2
2,2
2,2
2,2
2,13
2,2
3,13
2,2
2,2
2,2
2,8
2,2
2,2
2,2
2,2
1,2
1,1
3,8
2,2
2,2
3,5
2,2
0,11
2,1
3,11
1,1
1,2
1,1
2,1
2,2
2,2
1,2
2,2
2,2
2,2
2,2
2,2
2,2
3,10
12,2
3,11
1,1
2,2
2,2
2,2
3,0
3,6
2,2
2,2
2,2
2,2
3,5
2,2
2,2
3,5
2,2
2,2
2,2
3,3
2,2
2,2
2,2
2,2
1,1
2,6
2,3
2,2
1,1
2,0
3,0
2,2
3,0
2,2
2,2
2,2
2,2
2,2
2,2
3,13
2,2
1,1
2,2
2,2
2,2
1,12
1,1
2,9
1,1
3,6
2,2
2,2
2,2
2,0
2,1
1,1
2,2
2,2
2,2
2,2
2,2
2,2
2,2
2,2
3,10
3,9
2,2
2,2
2,2
2,10
2,2
2,2
6,17
2,2
2,2
2,2
2,2
3,6
2,2
3,3
2,1
2,1
2,1
2,2
2,2
3,11
5,6
2,2
2,2
2,2
3,6
2,1
2,2
3,11
1,1
2,2
2,6
1,1
3,13
2,2
2,2
2,2
2,2
6,10
3,3
3,11
2,8
2,2
2,1
2,2
2,2
3,8
3,3
2,2
2,11
2,2
2,2
14,12
3,11
2,2
2,2
1,2
2,6
3,2
2,2
1,1
3,3
2,2
2,2
2,2
2,2
2,2
1,1
3,0
2,2
3,3
1,1
2,8
2,2
3,5
3,5
3,6
2,2
2,2
3,3
5,17
2,2
2,3
2,2
2,13
2,2
3,3
2,2
2,2
1,1
2,1
3,6
1,1
3,6
2,2
1,1
3,11
2,2
1,1
2,2
3,0
3,11
3,6
1,1
2,2
2,2
2,2
14,14
2,2
3,3
3,3
2,2
6,17
6,0
2,8
2,6
2,2
3,8
3,11
3,6
3,11
2,8
2,2
2,2
2,2
2,2
2,1
3,2
2,2
2,2
3,0
2,2
2,2
2,2
1,1
2,2
3,0
2,10
2,2
3,6
2,2
2,2
3,2
2,2
2,2
2,1
1,1
2,2
3,0
2,2
2,2
2,2
3,6
3,0
2,1
3,3
2,2
3,3
2,2
2,2
2,8
3,11
2,2
3,11
2,2
3,0
2,2
2,2
2,2
2,2
1,1
2,2
3,8
14,13
3,6
2,2
2,2
2,1
2,2
2,2
1,2
2,2
2,2
2,2
2,2
1,1
2,2
2,2
2,2
2,2
2,2
3,5
2,2
2,2
2,2
10,8
2,3
2,2
2,2
3,5
2,1
1,1
2,1
2,2
3,9
2,2
2,8
2,2
2,2
1,1
3,2
2,2
1,1
1,1
2,0
2,2
2,2
3,0
3,11
2,12
2,2
2,3
3,5
2,2
2,2
2,2
2,2
2,2
2,17
2,2
2,2
2,2
3,3
1,1
2,2
2,6
2,2
2,9
1,1
3,6
2,1
3,11
3,11
3,3
2,1
1,1
2,2
2,2
2,2
3,10
2,2
2,2
2,2
2,2
2,2
2,2
2,2
2,2
1,2
2,8
2,2
2,2
2,2
2,2
3,11
2,2
1,1
1,1
2,10
2,2
2,1
3,11
2,2
2,3
3,6
1,1
1,1
2,2
3,3
1,1
2,2
2,2
3,9
5,17
2,2
3,13
2,2
2,2
3,6
3,5
2,2
2,1
1,1
3,11
2,0
2,2
2,2
3,9
2,2
1,1
1,1
3,3
2,2
2,2
2,2
2,2
1,1
2,2
2,2
2,8
2,2
3,0
3,11
2,2
3,0
2,6
2,2
2,2
2,2
2,2
2,2
2,2
3,3
5,8
3,3
2,9
1,1
3,10
2,1
3,3
3,6
3,3
1,1
2,2
2,2
1,1
2,2
1,1
3,0
2,2
1,1
2,2
2,2
1,1
2,2
2,2
5,17
2,2
3,11
1,2
2,8
2,2
2,8
2,2
2,2
2,2
5,17
17,17
1,1
2,2
2,2
1,1
1,12
2,2
2,6
3,9
3,2
3,11
3,6
2,2
0,17
2,1
2,2
2,2
3,3
2,2
3,11
6,0
3,3
2,2
2,2
2,2
1,2
3,11
2,2
2,6
2,2
2,2
2,2
14,2
3,2
2,3
2,2
1,2
2,2
2,2
2,6
2,2
3,3
2,2
2,2
2,2
2,2
3,10
2,2
1,1
2,2
2,2
2,2
2,2
2,2
2,2
1,1
2,2
3,6
3,8
1,12
2,2
2,8
2,2
2,2
2,2
3,17
2,2
2,2
2,2
2,2
3,2
3,6
1,1
2,2
3,9
2,1
2,2
2,2
2,2
3,9
3,6
2,2
15,11
2,2
2,2
2,2
2,3
1,1
2,2
2,3
3,11
2,2
3,10
2,2
2,9
3,8
2,2
3,3
2,2
2,2
3,11
2,1
5,0
2,2
2,2
1,1
2,1
2,2
6,9
2,2
2,2
2,8
10,8
2,2
2,2
2,2
2,2
2,2
2,0
2,3
1,1
2,2
3,8
3,3
2,2
2,2
2,2
1,1
2,2
2,2
2,2
2,2
3,6
2,2
1,1
2,2
2,2
3,6
2,2
2,2
3,3
2,2
3,6
2,2
2,2
1,1
1,1
3,6
2,2
3,17
14,13
3,2
3,11
2,1
6,10
2,2
3,3
1,13
2,2
6,9
2,3
2,2
1,1
6,10
1,1
2,2
2,2
2,2
3,8
2,2
2,2
2,2
1,9
2,2
1,2
3,3
2,2
2,2
2,2
2,2
2,2
2,2
3,3
3,3
2,11
2,11
2,2
2,2
2,3
2,2
2,2
2,2
1,1
2,1
2,2
1,1
2,2
2,1
2,1
2,2
2,2
2,2
2,2
2,2
2,2
1,12
2,9
2,2
0,17
2,6
2,2
2,2
3,6
3,11
2,2
2,2
2,2
2,1
3,9
2,2
2,2
2,8
3,3
2,2
2,1
2,2
3,3
2,1
2,0
2,2
2,1
1,1
2,8
2,2
2,8
2,2
2,2
2,10
3,10
2,2
2,2
2,8
2,2
1,1
2,1
2,2
5,8
2,2
2,2
3,9
2,2
3,3
2,2
1,1
2,2
3,2
3,8
2,2
1,1
2,2
2,2
1,1
2,2
2,2
2,2
2,2
2,2
2,11
3,2
3,8
2,2
3,0
2,2
3,11
2,2
2,2
1,2
2,8
2,2
3,0
3,5
2,2
5,17
1,1
2,2
2,2
3,6
2,2
2,1
2,2
2,2
2,2
2,2
1,1
3,11
1,1
3,3
2,2
1,1
2,2
2,8
2,2
2,2
2,2
2,2
2,2
2,2
1,1
1,14
2,6
2,2
3,0
2,2
2,2
2,1
3,9
2,2
2,2
6,2
2,2
2,2
2,2
1,1
2,2
2,2
2,2
17,2
2,2
6,17
2,2
14,14
2,2
2,2
2,2
3,10
2,2
1,1
2,2
2,2
3,6
3,3
3,10
1,1
2,8
3,8
2,2
2,2
2,2
3,8
2,1
2,2
2,2
1,1
2,2
2,2
2,2
2,2
2,2
2,2
2,2
2,1
2,2
2,2
3,13
2,2
2,2
2,2
1,1
3,8
3,11
1,1
2,1
3,9
1,17
2,2
1,1
2,2
2,2
2,3
2,2
3,6
1,1
2,2
3,11
3,12
2,2
2,2
1,1
2,1
1,1
2,2
2,2
3,0
3,11
3,6
3,3
2,2
2,2
2,2
2,2
2,2
2,2
2,2
2,8
3,3
2,2
1,1
3,8
3,11
2,2
2,2
0,13
2,8
2,2
3,9
3,8
2,2
3,6
2,2
2,2
0,17
2,2
2,2
6,9
6,1
5,11
3,11
2,2
6,0
2,1
2,2
2,2
2,2
2,2
3,8
2,2
2,2
2,2
3,3
3,8
3,11
1,1
2,2
2,2
3,6
2,2
2,2
2,2
1,1
2,2
2,2
2,2
2,8
2,2
1,2
2,2
1,1
2,2
2,2
2,2
2,2
2,2
2,2
1,1
2,2
2,2
2,2
3,2
2,2
2,2
2,2
3,6
3,11
2,2
2,2
3,11
2,2
3,0
3,11
2,2
3,5
2,6
3,11
2,2
3,11
1,2
2,2
2,2
3,9
2,2
2,2
2,2
1,1
2,2
3,5
2,2
1,1
2,2
3,11
14,14
3,5
2,2
3,5
2,2
2,2
1,1
3,6
2,2
3,0
2,2
2,6
5,17
2,2
2,2
2,2
2,0
2,2
2,1
3,11
3,8
1,1
2,2
3,8
3,0
2,2
2,2
2,6
3,11
2,2
2,2
2,2
3,5
2,2
2,2
3,5
3,6
1,1
2,2
3,9
2,2
3,11
1,1
3,11
2,2
2,2
2,11
3,11
14,15
3,5
1,1
2,8
2,2
2,2
3,6
2,2
2,2
2,3
3,9
3,8
2,2
3,8
2,1
2,2
2,2
3,0
2,2
3,9
3,8
2,2
3,5
2,1
2,10
2,2
3,8
2,2
2,6
3,11
2,2
2,2
2,2
2,2
2,2
2,2
2,2
2,2
3,11
2,2
2,2
2,2
2,2
1,2
1,6
2,0
2,2
2,2
2,0
2,2
2,2
2,11
2,2
1,1
2,2
2,2
14,13
2,2
3,6
2,9
3,3
3,11
2,2
2,1
2,2
2,2
2,2
2,2
2,2
2,2
3,3
2,2
2,2
3,6
1,2
3,6
2,2
3,11
3,3
3,5
3,8
3,6
2,2
2,3
2,2
2,2
2,2
2,2
3,8
2,2
2,2
2,2
1,1
2,2
2,2
2,2
2,2
2,2
2,2
2,2
3,2
2,1
2,2
2,2
2,2
2,2
2,2
2,2
3,0
1,1
2,2
2,2
2,2
2,8
2,2
3,3
2,2
2,1
3,6
1,1
2,2
2,2
2,2
2,2
2,2
2,2
1,1
2,5
2,2
0,0
2,2
3,8
1,1
3,5
2,2
3,3
1,1
2,2
2,2
2,2
3,0
2,2
2,1
1,1
3,3
2,1
1,1
2,2
2,2
0,17
2,2
2,2
3,11
2,6
3,13
2,2
2,2
2,2
2,2
2,2
3,0
3,0
3,8
2,2
2,2
2,3
2,2
3,11
1,1
2,2
3,5
2,2
2,2
2,2
2,2
2,2
1,1
2,2
2,2
3,6
3,3
3,11
3,11
2,2
2,2
3,11
2,2
3,6
3,8
2,2
2,2
2,2
2,2
3,11
3,3
2,1
3,5
2,10
2,2
2,2
2,8
1,1
2,2
3,11
2,3
2,3
6,17
2,2
2,2
2,2
2,0
2,6
2,2
2,2
2,2
2,2
2,2
3,2
2,11
2,2
2,1
2,2
2,8
5,17
2,2
2,2
2,2
3,3
2,2
2,2
3,8
2,2
2,2
2,2
2,2
2,2
2,2
2,2
2,2
2,2
2,2
1,1
2,2
2,2
2,2
2,2
3,5
1,1
1,1
2,2
3,8
2,2
3,10
2,2
2,2
1,17
3,3
2,2
2,2
1,1
3,0
1,13
1,1
2,2
2,2
2,1
2,2
2,2
2,2
3,8
2,2
1,1
2,2
2,2
2,2
2,2
2,2
2,2
2,2
2,2
1,1
2,2
3,6
2,2
2,8
3,3
2,6
3,3
1,1
2,2
3,5
2,2
2,2
3,9
2,6
1,1
1,1
6,17
2,2
2,2
3,3
1,1
2,2
2,2
2,6
2,2
2,2
2,2
3,0
2,2
2,2
2,2
3,6
1,1
2,1
3,0
2,2
2,2
2,6
2,2
1,1
2,2
3,6
3,8
2,1
2,6
2,2
2,17
2,2
2,2
2,2
3,5
1,2
2,6
2,2
2,2
2,2
3,11
2,2
3,6
2,1
2,2
2,2
1,1
3,3
2,2
1,2
3,5
1,1
3,8
2,2
2,2
3,11
2,2
2,2
2,2
2,2
1,1
2,2
2,2
3,2
2,2
3,11
2,2
3,9
3,11
2,2
2,2
3,5
2,2
1,1
1,1
1,1
3,5
3,3
2,2
6,8
2,3
2,2
3,6
3,5
2,1
2,2
2,2
2,2
2,2
2,2
2,2
2,2
2,2
2,3
2,2
2,1
2,2
3,2
2,2
1,1
2,2
2,2
2,2
2,2
2,8
2,2
3,0
2,2
1,1
2,2
2,2
2,2
2,2
2,2
2,2
2,0
2,2
3,11
14,12
2,2
2,2
2,2
3,0
2,2
2,1
1,1
1,6
2,2
2,1
2,2
1,1
2,2
2,2
6,17
2,2
2,2
2,2
1,1
3,0
2,2
2,2
2,2
2,2
2,2
2,2
3,11
14,15
2,2
2,2
2,2
2,2
2,2
6,8
2,2
2,2
2,2
3,11
6,6
2,2
2,3
2,2
2,2
2,2
1,1
2,2
2,8
2,2
2,2
1,1
3,5
2,1
14,14
2,2
2,2
3,11
2,2
3,8
2,2
2,1
2,2
2,3
2,2
1,1
2,2
1,1
2,2
3,9
2,2
3,5
48,0
2,2
3,0
2,2
2,2
3,0
1,1
2,1
2,2
3,0
1,2
2,2
1,1
2,2
3,3
2,2
1,2
2,2
1,1
2,1
2,2
2,2
3,11
2,2
1,1
2,2
2,2
2,2
1,2
2,2
3,0
2,2
2,2
2,2
2,2
2,2
3,3
2,2
3,8
1,1
2,2
2,2
2,2
5,17
2,1
2,2
2,2
2,2
2,2
3,5
2,2
1,1
2,2
2,2
2,2
2,2
2,3
2,2
2,2
2,2
2,2
2,17
2,2
3,0
2,2
3,11
3,13
2,2
2,2
2,17
2,2
1,13
2,2
2,2
2,2
2,2
1,1
2,2
1,1
3,0
2,2
3,8
2,11
2,2
2,1
1,1
2,2
2,2
3,11
3,3
2,2
2,2
2,1
2,2
2,2
2,2
2,0
2,2
2,2
2,11
2,2
3,0
2,2
3,11
2,2
3,3
2,2
1,1
3,10
2,2
2,2
2,2
2,2
3,11
2,2
2,2
2,2
2,11
2,2
1,1
2,2
2,2
1,1
2,2
1,1
2,2
2,2
2,1
2,2
1,1
2,2
2,2
2,2
2,2
2,2
3,3
2,2
1,2
2,2
3,1
3,6
2,2
2,3
2,2
2,2
2,2
1,1
2,1
2,2
2,2
1,1
2,1
1,2
2,2
3,8
2,2
2,2
2,2
1,2
2,2
2,2
2,8
2,2
2,0
2,2
2,2
3,8
1,1
10,2
1,1
3,6
2,3
2,2
2,1
1,13
2,2
1,6
2,2
2,2
2,2
2,2
3,8
2,2
2,2
3,11
3,11
2,2
2,2
3,5
1,2
2,2
2,2
2,1
2,2
2,2
2,8
3,3
3,2
3,0
2,2
2,2
1,1
1,1
3,2
3,0
2,2
2,2
1,1
2,2
1,1
12,2
2,2
2,2
2,6
2,2
2,3
2,2
3,5
1,11
2,2
3,3
3,11
3,2
6,17
3,3
2,13
2,2
2,2
3,8
2,2
2,2
2,3
2,2
2,2
2,2
2,6
3,8
2,1
2,8
2,2
2,2
2,2
2,2
2,2
1,1
2,8
2,2
2,3
2,2
2,2
2,2
3,0
3,6
1,1
2,2
2,2
1,1
2,2
2,2
2,2
2,2
2,2
3,6
2,2
2,2
2,2
2,2
3,2
2,3
2,8
3,5
2,2
2,3
2,2
2,2
2,2
2,2
2,2
2,2
2,2
3,5
1,1
2,1
3,6
2,0
2,2
2,2
2,2
3,11
2,2
2,2
2,17
2,2
2,2
3,11
2,0
2,2
2,2
2,2
1,1
2,2
2,2
3,0
2,2
2,2
2,2
3,3
2,2
2,1
2,2
2,9
2,2
3,3
2,2
3,11
3,6
2,2
2,2
2,2
2,2
2,2
2,2
2,2
2,2
1,6
3,9
2,2
3,6
1,1
2,2
2,2
2,2
2,2
3,3
2,2
2,6
1,2
2,2
2,2
2,1
2,2
3,8
3,8
2,2
2,2
2,2
2,2
1,1
2,1
3,0
2,2
2,2
2,2
2,2
2,2
2,2
2,2
2,2
2,2
3,10
2,2
3,11
2,2
3,8
2,2
3,11
2,8
2,0
2,2
2,12
2,2
2,2
2,2
1,1
3,6
2,8
3,6
2,2
2,2
1,1
3,2
2,1
3,9
2,2
2,2
3,11
3,8
3,12
0,17
14,13
1,1
1,1
2,2
2,1
2,2
2,2
2,2
2,2
3,11
2,2
2,2
2,2
2,2
2,2
3,5
2,2
2,2
3,5
5,3
2,1
3,11
2,2
2,2
3,6
3,3
1,1
1,1
1,1
2,1
3,6
3,0
3,6
3,11
14,15
6,8
3,5
3,11
2,2
3,5
2,2
3,0
1,1
2,2
2,2
2,8
2,2
2,2
2,2
2,2
3,11
2,2
5,17
5,17
1,1
2,2
2,8
3,5
1,1
2,2
2,2
2,2
2,2
2,11
3,6
2,2
3,9
3,3
1,1
1,12
2,2
3,8
2,2
2,2
17,17
2,2
3,5
1,1
2,2
3,0
2,2
1,1
1,1
3,11
1,1
2,2
3,6
3,9
3,3
2,2
2,2
6,13
1,1
2,2
1,1
0,17
2,2
14,2
2,2
2,2
2,2
2,2
2,2
2,2
2,2
2,2
2,2
1,1
3,11
2,2
2,2
14,14
2,1
2,2
2,2
2,2
1,1
2,2
1,1
1,1
2,3
6,17
3,11
2,2
3,11
2,2
2,2
2,0
2,2
2,2
2,2
2,2
1,1
2,2
2,2
1,1
2,2
2,2
3,5
2,2
2,2
2,2
2,2
2,2
2,2
3,0
2,6
3,0
2,2
3,2
2,2
2,2
3,6
2,2
2,2
2,2
2,2
2,2
5,17
2,2
1,2
2,1
2,6
1,1
3,0
1,1
3,8
3,6
3,11
2,2
1,1
2,1
2,8
2,6
3,0
2,2
1,1
2,2
2,8
2,2
2,2
2,6
2,2
3,5
2,2
3,5
3,3
2,2
2,2
2,13
2,2
2,2
2,2
1,1
3,9
2,11
2,2
2,2
2,2
3,5
2,2
2,2
2,2
2,2
3,11
3,0
2,2
2,2
2,2
2,3
3,3
2,2
3,1
2,2
1,1
2,2
2,2
2,2
3,8
2,2
3,9
2,2
2,2
2,2
2,2
2,0
14,12
1,2
2,2
2,2
2,2
2,2
3,2
2,2
1,1
2,2
2,2
2,2
1,1
3,0
3,6
2,2
2,2
2,2
1,1
2,2
2,8
2,2
2,1
2,2
6,2
2,2
2,2
2,2
2,2
2,2
2,2
2,2
2,2
2,2
2,6
2,2
2,1
1,1
2,2
2,2
2,2
2,6
2,1
3,5
3,8
2,2
2,2
3,8
2,2
2,2
3,8
2,2
1,1
2,2
2,2
3,6
3,11
1,1
3,8
1,11
2,2
2,2
2,2
2,2
2,2
2,2
2,2
1,1
2,2
2,2
2,2
2,2
2,2
2,2
1,1
2,1
2,2
2,2
2,2
2,1
2,2
3,0
3,11
3,9
2,2
2,2
2,2
2,2
2,2
2,8
2,2
2,2
1,1
2,2
2,2
1,1
2,2
2,2
2,2
3,6
3,11
14,12
2,2
2,2
1,1
3,11
2,2
2,2
1,1
3,8
2,2
2,2
3,11
2,2
2,2
2,2
1,1
2,2
2,2
2,2
2,2
2,2
2,2
1,1
2,2
2,2
3,6
2,2
1,1
2,2
2,2
2,2
3,2
2,2
2,2
5,17
1,1
3,0
2,2
1,1
3,11
2,2
2,2
2,2
3,11
3,5
2,2
2,2
1,1
2,2
2,2
2,2
3,3
2,2
2,2
2,2
2,2
2,2
2,2
2,2
3,8
2,2
1,6
2,1
2,2
2,2
2,2
2,2
2,2
3,5
3,0
1,1
2,2
2,2
2,2
2,2
2,2
2,2
3,5
2,2
2,8
1,1
1,1
3,11
2,2
3,8
1,1
17,3
3,2
2,2
2,1
1,1
2,2
2,2
2,2
2,2
2,6
2,2
3,3
1,6
1,1
2,8
3,10
2,15
3,6
3,8
2,2
2,2
1,2
3,0
2,2
3,11
2,2
3,11
2,2
1,1
2,2
5,2
3,11
3,6
3,3
3,11
2,2
2,1
2,1
3,8
2,2
2,2
3,3
1,1
5,10
2,2
2,1
2,3
2,2
2,2
3,5
2,2
1,1
2,2
3,3
3,3
3,5
1,2
2,2
2,2
3,0
2,2
2,2
2,8
3,12
1,1
2,2
2,2
2,2
1,1
2,2
3,11
3,2
3,11
2,2
2,2
1,6
3,5
2,2
3,6
3,6
2,2
2,2
2,2
3,11
2,2
2,1
1,1
2,2
2,2
1,1
2,2
3,11
2,2
2,2
2,9
1,1
3,11
2,2
2,2
2,2
2,6
2,2
1,2
3,3
2,2
1,14
2,2
3,5
3,3
3,6
3,8
3,0
2,2
2,0
2,2
2,1
2,2
2,2
2,2
2,2
2,6
3,11
3,0
2,2
2,2
2,2
3,3
2,8
2,1
1,1
2,2
2,2
1,1
2,2
2,2
2,2
3,11
1,1
2,1
2,2
3,6
1,1
2,2
3,11
6,17
2,2
2,2
2,2
1,1
2,2
2,3
3,3
1,1
2,2
2,9
2,2
2,2
2,2
5,6
2,2
2,2
3,10
2,1
1,6
2,2
2,2
2,2
2,1
2,2
2,2
2,2
2,2
2,2
3,6
2,1
2,2
2,2
2,2
2,5
3,8
2,2
2,2
2,2
2,2
2,2
2,2
48,2
2,2
3,8
2,6
3,8
6,9
1,1
2,2
3,0
2,2
2,2
2,2
1,1
1,1
2,2
2,2
1,1
2,2
2,2
1,12
2,8
3,0
1,2
1,1
3,11
2,2
2,2
2,2
2,2
3,9
2,2
17,8
1,1
3,6
1,1
2,2
2,1
2,2
1,1
3,6
2,2
2,6
2,2
2,2
3,10
1,1
3,6
2,2
2,2
2,0
2,2
2,2
2,8
3,3
2,2
2,1
3,6
2,2
2,2
2,2
2,2
2,2
2,2
1,1
3,8
2,2
2,1
3,11
2,2
2,2
2,2
3,8
1,1
3,11
1,1
2,2
2,2
2,2
2,2
2,2
2,2
3,0
3,5
3,9
2,3
2,2
6,10
1,1
1,1
3,9
2,2
3,0
2,2
1,13
1,1
2,8
1,1
2,2
2,3
3,8
2,2
1,1
2,2
3,3
2,2
2,2
2,2
3,11
1,1
2,2
3,9
3,9
2,2
11,17
1,1
2,1
6,3
2,2
2,2
2,8
2,2
2,2
2,1
2,2
2,2
2,2
1,1
2,2
1,1
2,2
1,1
3,9
2,2
2,8
2,2
2,2
2,2
3,9
3,0
1,1
2,2
1,1
1,1
2,2
1,1
2,2
2,13
2,2
2,2
3,0
2,2
1,13
1,1
2,2
1,1
2,2
2,2
3,5
2,2
2,2
2,2
2,1
2,2
14,14
3,11
3,5
2,9
3,3
2,2
3,11
2,2
1,1
2,2
2,2
3,11
3,11
2,2
1,1
2,2
2,2
2,2
6,8
3,6
2,2
2,6
2,2
2,2
2,2
2,2
2,2
2,2
3,3
2,2
2,2
2,6
2,2
3,5
2,2
3,17
3,6
1,12
3,11
2,2
2,8
1,1
2,2
2,2
2,2
2,2
3,6
2,2
5,8
2,2
1,2
2,8
2,2
2,2
2,2
2,2
3,8
2,9
2,2
2,2
2,2
2,2
2,2
3,6
3,5
2,2
2,2
5,2
1,1
3,11
2,2
2,2
3,8
3,8
2,6
2,1
2,2
3,10
3,8
3,8
2,2
2,2
2,2
1,1
2,2
2,2
1,1
3,3
2,2
3,8
2,2
1,1
2,2
2,2
2,2
2,2
2,2
2,2
2,2
2,2
2,13
1,1
2,1
3,9
2,2
2,2
2,2
2,2
2,2
3,13
2,2
2,2
1,1
0,17
2,1
2,2
3,6
3,6
2,2
3,8
1,1
2,13
2,2
2,2
1,1
1,1
2,2
2,2
2,2
2,2
2,2
3,10
14,14
1,1
3,8
2,2
2,2
2,1
3,8
3,3
3,0
2,2
2,2
2,2
2,2
2,0
2,2
3,11
6,13
2,2
2,2
14,13
3,0
2,2
2,2
2,2
2,2
2,2
2,2
1,1
2,2
3,8
2,2
5,17
2,2
2,2
14,14
2,2
6,0
2,2
2,2
3,0
2,1
2,2
3,6
1,1
2,2
2,8
2,2
3,3
2,2
2,2
2,2
2,1
2,2
3,8
2,2
2,2
2,2
3,8
2,2
2,1
2,2
6,17
2,2
3,5
3,11
3,5
2,2
2,2
2,2
2,2
1,1
2,2
1,17
2,2
2,2
2,2
2,5
2,2
2,2
1,1
2,2
2,2
3,11
2,2
2,2
3,17
2,2
2,2
2,2
1,0
3,2
3,6
2,2
2,1
2,2
2,1
2,2
2,2
3,3
3,11
2,2
2,2
2,2
2,2
2,2
3,3
2,2
3,6
1,1
3,0
3,5
2,2
3,0
2,2
2,2
2,2
1,1
2,2
2,2
2,2
2,2
2,2
1,1
2,2
2,2
1,1
1,2
2,1
2,2
3,8
2,2
2,2
2,1
3,8
2,2
2,2
1,12
2,2
2,2
2,0
3,6
10,11
2,2
2,11
2,2
1,1
3,8
2,1
3,2
2,1
2,2
1,1
2,2
2,6
2,2
3,11
2,2
1,2
3,5
2,2
3,2
2,6
2,2
3,2
2,2
2,2
2,2
2,2
3,8
1,1
2,1
3,3
3,11
2,2
2,2
3,11
2,2
3,0
1,2
2,2
2,2
2,2
2,2
1,2
2,2
2,2
2,6
1,1
2,2
1,2
2,2
1,1
2,2
1,1
1,1
2,2
2,2
2,2
3,3
2,2
2,2
3,6
2,2
3,3
2,2
2,6
1,2
2,2
2,2
1,1
1,1
2,2
14,13
2,1
2,2
5,17
3,3
3,11
3,3
2,2
2,2
2,2
2,2
2,2
2,2
2,2
2,2
2,2
3,8
2,2
1,1
2,2
1,1
2,2
3,11
2,2
2,2
2,2
2,2
3,8
2,2
2,2
1,1
2,2
2,2
2,2
2,2
2,8
1,1
3,6
5,17
3,6
3,0
2,2
2,2
2,2
1,13
2,2
1,1
2,2
2,2
3,5
2,2
5,17
3,2
2,8
3,0
1,1
2,2
2,2
3,3
2,2
2,2
2,2
1,2
2,2
3,10
3,3
3,3
2,2
3,11
2,1
1,1
2,2
2,3
9,8
2,6
2,2
2,6
2,2
2,2
2,2
3,6
2,2
2,6
2,2
3,5
1,1
3,3
5,8
2,2
2,1
2,2
2,2
2,2
2,2
2,5
2,2
2,2
3,5
3,2
2,2
2,2
2,2
2,2
2,2
2,6
3,3
3,8
2,2
1,1
2,2
3,6
3,6
3,11
2,2
2,12
2,2
2,3
2,2
2,2
2,2
2,2
1,6
2,2
1,1
3,5
2,8
1,1
2,2
2,2
2,2
2,2
2,2
2,1
2,2
1,1
2,1
2,2
2,2
2,2
3,3
2,0
2,2
2,6
2,2
2,2
2,2
2,2
2,2
2,2
2,1
2,2
2,2
6,8
3,6
2,2
2,2
2,3
1,1
2,0
2,2
2,2
3,8
1,1
2,2
2,2
2,2
6,10
2,2
0,13
2,3
2,3
2,2
2,2
2,2
2,2
2,1
2,11
2,2
2,2
3,3
3,0
2,1
2,11
3,11
2,2
2,2
2,2
3,11
2,2
2,2
2,2
2,2
2,2
2,0
3,9
2,8
2,2
1,1
1,1
14,14
3,11
2,2
2,2
2,2
2,2
2,2
2,2
2,2
3,6
2,2
2,2
2,1
2,2
3,3
2,2
2,2
2,2
3,3
2,2
2,8
2,2
2,2
2,2
1,1
3,11
2,2
2,3
2,2
2,2
2,2
3,5
2,1
2,2
1,1
48,2
2,2
2,1
3,3
0,11
1,6
2,2
2,8
2,2
6,17
2,1
1,1
2,1
1,1
3,6
2,2
2,2
3,8
3,2
2,2
2,2
2,2
3,0
2,2
2,3
3,2
2,2
2,2
3,5
6,10
1,1
2,2
3,8
3,6
2,2
2,2
2,3
1,1
14,14
2,1
2,2
3,6
3,11
1,1
2,2
3,0
1,1
2,2
1,1
2,2
2,2
2,2
2,2
3,0
2,2
2,2
2,2
17,9
2,2
2,2
2,2
3,3
3,3
2,6
2,2
2,2
3,9
3,8
1,1
2,1
2,2
1,1
2,11
2,6
2,2
1,1
2,2
2,2
2,2
2,2
3,5
2,2
2,1
2,2
3,8
2,2
2,2
2,13
2,3
2,2
2,2
2,2
2,2
2,2
2,2
2,2
3,11
2,2
3,11
2,8
2,2
2,6
2,2
1,11
3,3
2,2
1,2
2,2
2,2
2,2
2,2
1,1
3,6
1,1
1,2
3,11
2,2
2,2
2,2
3,3
2,2
2,2
2,2
2,2
2,2
3,6
2,2
2,2
2,2
2,2
2,3
2,5
1,2
3,6
2,2
2,2
3,6
2,2
2,8
2,2
2,2
3,9
2,1
2,2
2,2
0,17
2,2
2,2
3,6
2,2
1,1
1,13
3,11
2,2
1,1
3,5
3,6
2,2
6,10
2,2
2,2
3,6
2,2
3,8
2,2
3,8
3,3
3,8
2,2
2,1
3,11
2,2
2,2
3,9
2,2
2,2
2,2
2,2
2,2
2,1
2,2
2,2
2,2
2,2
2,2
3,2
2,2
2,2
2,2
2,2
2,2
2,2
1,1
2,2
2,2
5,2
2,6
3,3
2,2
3,5
2,1
2,8
2,9
3,5
1,1
3,11
2,2
1,1
2,3
3,5
3,3
3,3
3,6
1,1
2,2
3,3
2,2
1,1
2,2
3,11
2,2
2,2
3,2
2,2
3,3
1,1
2,2
2,2
2,2
1,1
2,2
6,17
3,8
2,2
2,2
1,1
1,1
2,0
2,8
2,2
2,2
2,2
2,8
1,8
3,3
2,2
3,3
6,17
2,3
3,11
2,2
2,2
2,2
3,5
2,2
3,3
1,1
2,2
2,2
3,8
2,2
2,2
2,2
2,2
3,0
2,2
1,1
2,2
10,9
2,1
3,3
1,1
6,10
2,2
2,2
3,3
3,9
1,1
2,2
1,1
2,0
2,2
2,2
2,2
3,6
2,2
3,0
2,13
3,9
2,2
2,2
2,2
2,17
3,11
3,0
3,5
6,11
3,6
2,2
1,1
3,3
2,1
2,2
2,2
2,2
2,2
2,2
2,1
3,6
2,2
2,2
2,2
2,2
3,3
2,2
2,2
2,2
6,8
3,6
3,2
2,2
3,8
2,2
3,8
1,1
2,2
2,2
1,8
2,2
3,11
2,12
2,2
2,2
2,2
2,2
2,3
2,1
2,2
2,2
2,2
2,2
3,8
2,2
2,1
2,11
2,2
2,2
1,1
2,2
2,2
2,8
1,1
2,11
3,5
2,2
1,1
3,8
2,2
2,2
2,2
2,2
2,2
2,2
1,1
2,2
1,14
3,11
1,1
3,11
2,2
1,1
3,5
2,2
2,2
2,2
3,5
2,2
5,10
1,1
1,1
1,1
2,2
2,2
1,2
1,1
1,1
3,0
2,2
2,6
2,2
2,6
2,2
2,6
2,2
2,2
2,2
3,0
3,10
2,2
2,2
2,2
6,13
2,2
2,2
2,0
2,8
2,2
9,17
2,8
2,2
2,2
3,6
2,11
2,2
3,11
2,2
2,2
2,6
2,2
3,2
2,1
2,2
2,2
2,1
2,2
2,2
1,1
2,2
3,9
3,8
2,2
3,8
2,2
1,1
3,11
2,3
2,2
3,11
2,2
2,2
3,3
3,5
2,2
2,3
2,2
2,3
2,2
2,2
14,14
3,11
3,9
2,2
2,3
1,1
3,5
2,6
2,2
2,1
2,2
2,2
1,1
3,6
2,2
3,6
1,1
1,1
1,1
3,10
2,2
1,1
3,5
2,2
2,8
2,2
2,2
3,11
2,2
2,2
2,2
2,2
2,2
3,8
2,2
2,2
3,11
2,1
2,2
3,5
3,3
2,2
3,8
14,13
5,17
2,2
2,2
2,2
3,3
2,2
2,2
2,2
2,2
2,2
2,2
1,1
2,2
3,0
2,2
3,3
2,2
2,3
2,2
2,2
3,3
2,1
6,0
2,2
1,1
2,2
3,6
10,9
2,2
2,2
2,2
3,8
1,1
2,2
3,6
2,0
1,1
2,2
2,2
2,2
2,2
2,2
3,5
3,3
2,2
2,2
3,11
2,2
2,2
2,2
3,11
2,2
2,2
2,5
1,1
1,1
2,2
2,2
3,9
3,9
3,5
2,2
2,2
2,2
2,2
3,6
2,1
1,1
2,2
2,2
1,1
2,2
5,11
2,2
2,2
2,2
2,2
2,2
2,2
3,0
2,2
2,2
2,2
2,2
3,5
2,2
2,2
2,2
3,6
2,1
2,2
3,3
3,6
14,12
2,2
2,2
2,2
2,2
3,5
2,2
2,2
1,1
2,2
2,1
3,11
2,2
2,2
2,2
2,2
3,11
2,3
3,8
3,5
3,11
3,11
1,1
14,13
2,6
3,11
1,1
2,2
2,11
2,2
2,2
2,2
3,8
2,2
2,2
1,1
2,2
5,17
2,2
2,2
9,11
2,2
2,2
3,11
3,0
3,11
2,2
2,2
2,2
3,9
2,2
2,2
2,2
2,2
2,2
2,2
2,1
3,2
2,2
3,8
3,11
2,2
2,2
2,2
2,2
1,1
2,8
3,2
2,2
2,1
3,3
3,15
2,2
2,2
2,2
2,2
2,2
2,2
14,17
1,1
2,2
2,2
2,2
3,10
2,2
2,2
1,2
1,8
2,2
2,2
2,2
2,2
3,6
2,2
2,6
6,13
2,2
3,0
3,6
2,2
2,2
2,2
2,2
2,2
2,2
2,2
2,2
3,11
1,1
2,0
2,2
2,2
2,2
2,2
1,1
3,6
2,2
2,2
2,2
2,2
3,9
2,0
2,2
2,2
2,2
10,2
14,14
2,2
3,6
2,2
2,3
2,2
2,2
2,2
3,11
2,1
3,11
3,3
3,3
2,2
2,2
2,2
3,0
2,2
2,2
2,2
2,1
3,8
3,3
17,2
2,2
2,2
2,2
2,6
2,2
2,2
2,2
1,1
2,2
2,2
2,2
3,11
3,8
3,6
6,6
2,2
3,0
2,2
10,6
2,2
3,6
2,1
2,2
2,2
1,1
6,17
2,2
2,2
2,2
2,2
2,1
2,2
2,2
2,2
3,8
2,2
2,2
2,2
3,15
9,8
2,2
2,2
2,0
1,1
3,11
2,2
2,2
3,13
3,3
2,2
2,2
3,6
2,2
2,2
2,2
3,6
3,5
1,1
3,0
2,2
2,2
1,1
3,11
2,2
2,2
1,1
2,2
2,2
2,2
2,10
2,2
2,2
2,2
3,11
2,2
2,2
2,2
2,2
2,2
0,13
2,1
3,9
1,1
2,2
3,5
6,13
2,2
2,2
2,2
3,6
3,2
2,2
1,1
2,2
2,2
3,8
1,1
2,2
2,2
2,2
2,2
2,2
1,2
3,0
2,2
1,1
3,0
3,11
2,2
2,2
2,2
11,17
2,2
2,2
2,6
2,2
2,2
1,12
3,2
1,1
2,2
3,12
1,8
2,2
1,15
2,2
2,8
1,1
2,2
3,5
2,2
2,2
2,2
2,2
2,2
2,2
1,11
1,1
2,2
2,1
2,2
3,9
1,1
2,2
2,2
2,2
2,2
3,6
3,3
2,2
2,0
1,1
2,0
1,1
2,2
2,2
2,2
2,3
3,9
2,1
2,2
2,2
2,6
1,1
3,6
2,2
2,2
2,2
2,2
2,2
2,2
3,5
2,2
3,5
2,2
2,2
3,6
2,2
3,6
2,8
2,2
2,2
3,11
2,2
3,2
2,2
2,2
2,2
2,1
2,8
1,1
2,2
3,8
2,2
1,1
3,5
2,2
2,2
2,2
2,2
1,1
3,3
2,2
2,2
6,13
2,2
3,9
2,2
2,2
1,1
2,2
2,2
2,2
2,2
2,2
2,2
2,2
2,1
2,2
1,1
2,2
2,2
1,1
2,2
2,2
10,17
2,1
3,11
1,1
2,2
2,2
2,6
1,15
2,6
2,2
2,3
2,2
2,2
2,2
2,2
2,6
1,1
2,2
1,1
1,1
3,6
2,1
2,2
2,1
1,1
2,2
1,0
1,2
3,2
3,11
3,3
2,1
2,2
2,2
3,11
2,2
2,2
2,2
2,8
2,2
2,2
1,2
3,10
2,11
2,2
1,2
1,12
3,6
1,1
2,2
2,2
2,2
2,6
2,1
2,2
2,2
1,1
2,2
2,2
2,2
3,3
2,2
2,8
2,3
2,2
1,1
2,2
2,2
2,2
2,2
2,2
2,2
2,2
2,2
2,2
2,2
2,2
2,1
3,5
3,8
3,0
2,2
2,2
2,2
2,2
3,10
1,1
2,2
2,2
2,2
1,1
5,17
2,2
2,2
2,6
2,8
2,6
3,11
3,10
2,2
3,3
3,6
1,2
1,1
1,1
2,2
2,8
2,6
3,6
2,2
3,11
2,1
2,1
2,2
3,5
1,1
2,2
2,2
3,11
3,5
2,2
2,0
3,11
3,0
17,17
2,6
2,2
3,3
2,2
2,2
2,2
2,2
1,1
2,2
1,1
2,2
2,2
2,2
2,2
2,2
1,1
3,3
14,11
2,2
2,2
2,2
2,2
2,2
2,2
1,1
2,1
2,2
2,2
2,2
1,1
3,9
2,8
2,2
3,3
3,6
2,2
2,2
2,2
2,2
2,2
2,2
2,2
2,2
2,2
1,1
2,2
1,1
2,2
3,9
3,8
2,2
2,2
2,2
2,2
1,1
2,2
2,2
2,2
2,2
2,2
2,2
1,1
2,2
2,2
2,2
2,2
2,2
2,2
1,1
1,1
2,2
2,2
2,2
2,2
2,2
2,2
2,2
2,6
2,2
2,1
2,2
2,2
2,2
3,8
2,2
3,6
2,2
3,3
2,2
3,8
2,2
2,2
1,1
2,1
2,2
2,2
2,6
2,2
2,2
5,17
3,0
3,5
1,1
3,3
2,2
2,2
45,14
3,9
2,2
2,2
3,3
2,2
2,2
3,0
2,2
3,11
2,8
2,2
2,2
3,11
2,2
2,2
2,2
2,2
3,11
3,0
2,3
3,6
2,2
1,1
2,3
2,9
2,2
2,2
6,17
3,6
2,2
2,2
3,5
6,9
2,2
2,2
2,2
3,5
3,0
1,1
2,2
3,11
2,2
2,2
6,9
2,2
2,2
2,2
2,2
2,2
2,2
2,6
2,2
2,2
2,2
2,1
2,2
3,8
2,2
3,6
3,3
1,1
2,8
3,5
2,2
1,2
3,3
2,1
2,1
2,1
2,2
2,2
2,2
3,6
3,0
2,2
2,2
14,13
1,1
2,2
3,11
3,5
2,1
2,1
2,2
2,2
3,6
3,3
3,11
2,2
3,17
3,10
2,6
2,2
2,6
1,1
2,2
2,1
3,6
2,2
2,1
2,2
2,2
2,2
2,2
6,9
2,2
2,2
2,6
2,2
3,11
2,2
2,2
2,2
2,9
2,2
2,6
3,11
3,0
2,2
2,2
2,2
2,2
2,2
2,2
2,2
2,2
1,1
2,2
2,2
3,5
2,2
2,2
1,1
2,2
3,9
2,2
2,1
2,2
2,2
2,2
3,11
2,2
2,2
3,5
2,2
2,2
3,11
2,2
1,1
2,2
3,3
2,2
3,6
1,1
1,1
1,1
2,1
2,2
3,6
1,1
2,9
3,11
2,6
2,2
2,8
1,1
2,1
2,2
2,2
2,2
6,13
2,2
2,6
1,1
2,2
2,2
3,3
3,0
2,1
2,2
2,2
2,1
2,2
3,2
2,2
2,2
2,2
2,6
1,2
2,2
3,8
2,2
2,8
2,2
2,2
3,5
2,2
1,1
1,2
2,2
2,2
1,1
2,2
3,0
14,13
1,1
2,2
2,1
2,2
3,3
2,2
1,2
2,6
3,3
3,10
3,3
3,2
2,3
2,2
2,2
2,2
2,2
2,2
2,2
3,10
2,2
3,5
2,2
2,2
3,11
2,2
3,3
3,6
1,1
2,2
2,8
2,13
2,2
3,3
3,5
3,0
2,2
3,11
14,13
3,11
2,2
2,2
2,2
3,0
1,1
2,2
2,2
2,2
2,2
2,2
2,2
2,2
2,2
2,2
2,2
2,2
2,2
2,2
2,2
3,8
2,2
2,2
0,10
2,11
2,8
2,2
3,3
1,10
2,2
3,11
3,6
3,10
2,2
2,2
2,2
2,2
2,2
2,2
1,1
2,2
2,0
2,2
2,2
1,1
2,2
3,0
3,11
2,6
2,2
2,1
2,2
3,3
2,2
2,2
2,2
2,2
3,3
2,2
2,2
1,1
2,1
1,1
2,5
2,2
2,2
1,2
2,1
5,17
3,0
1,13
3,6
2,1
2,2
2,2
2,2
2,1
3,3
2,2
2,2
5,17
2,2
2,2
2,2
2,6
2,2
2,2
3,11
2,2
1,1
2,2
2,2
2,2
2,2
2,2
1,1
2,8
2,8
3,0
2,2
3,2
3,9
3,8
1,1
2,2
2,2
1,1
2,2
2,2
1,1
2,2
3,10
2,2
14,14
2,13
2,2
3,8
3,6
2,2
2,2
3,5
2,2
2,2
2,2
2,2
2,2
2,2
1,2
2,2
2,2
2,2
6,17
3,8
3,6
3,0
2,2
2,2
2,2
2,2
3,3
1,1
3,11
1,2
2,2
2,2
2,2
2,1
2,2
2,8
2,2
2,2
2,2
2,2
2,2
1,1
17,8
2,2
3,3
3,5
2,2
2,12
2,2
3,8
2,2
3,0
2,0
1,1
2,2
3,10
2,2
2,2
2,2
3,11
2,2
2,2
2,2
2,1
2,2
3,8
1,1
3,2
6,0
1,1
3,11
2,2
3,0
2,2
1,1
3,11
2,2
1,1
2,1
2,2
2,2
2,2
3,10
3,5
5,13
2,2
1,2
2,3
3,6
2,2
2,2
3,0
3,8
2,2
2,2
3,6
2,3
2,3
2,2
2,2
1,1
2,2
2,2
2,2
2,2
2,2
3,9
3,11
1,1
2,2
3,17
2,2
1,1
2,2
2,2
1,1
2,3
1,1
3,6
2,3
1,1
2,2
2,1
2,2
2,2
2,2
1,1
2,6
3,0
5,10
2,2
2,2
2,2
2,2
2,2
2,2
1,1
2,8
3,0
2,2
2,2
2,2
2,6
2,2
3,3
2,13
2,2
2,2
2,2
1,1
2,3
2,2
1,1
1,1
3,6
5,17
2,2
2,2
2,2
1,1
1,1
2,2
3,0
2,2
3,11
2,2
2,1
3,13
2,2
2,2
2,1
3,0
2,1
2,2
3,0
2,1
5,11
2,2
1,1
2,2
3,11
1,1
2,2
2,2
2,2
3,6
2,2
2,2
2,2
2,6
2,2
5,17
0,17
2,2
2,2
3,6
2,1
14,12
3,8
3,13
14,15
2,2
3,5
2,2
2,2
2,2
3,3
3,3
2,2
2,2
2,2
2,1
3,0
3,10
3,3
2,8
2,9
3,6
2,2
3,12
3,3
2,1
2,2
1,1
2,2
2,2
3,13
3,3
2,3
2,2
3,9
2,1
2,2
2,6
2,2
2,6
2,0
2,2
2,2
2,2
1,1
2,2
2,2
1,1
3,11
1,1
2,2
2,3
2,2
2,2
2,2
1,2
2,2
3,5
2,2
2,2
2,1
3,6
2,2
3,6
2,2
2,2
6,9
2,2
3,2
2,2
2,2
2,16
3,3
2,3
2,2
2,2
3,5
1,1
2,2
2,2
2,2
2,13
2,2
3,8
1,1
14,14
1,1
2,2
2,2
2,2
3,0
2,1
1,1
2,2
3,11
2,2
1,1
1,1
2,2
2,2
2,2
1,1
3,0
3,8
2,2
1,1
1,1
2,2
1,1
2,2
2,2
1,1
1,2
3,10
2,9
3,10
2,2
2,2
2,2
3,3
2,2
2,2
3,8
2,2
2,1
2,2
2,2
2,2
2,2
2,2
14,8
2,2
2,2
1,12
6,17
2,2
2,2
2,2
2,2
2,2
2,2
2,2
3,3
1,2
3,0
2,2
2,2
2,2
3,11
3,11
3,6
2,2
3,6
3,9
2,2
3,13
2,2
2,2
2,2
0,2
2,2
2,2
2,2
2,1
2,1
2,2
1,1
2,2
6,17
3,5
1,1
2,11
3,2
2,2
3,5
3,2
2,2
3,3
2,2
2,2
2,2
2,2
3,11
2,2
3,9
3,5
2,3
2,2
1,1
2,1
2,2
2,2
2,2
2,3
2,2
2,2
2,2
3,8
5,17
3,3
2,2
2,2
1,1
2,2
2,2
1,1
3,11
1,1
2,2
2,2
2,6
2,2
3,8
2,1
2,2
2,2
2,1
2,2
2,2
3,5
2,2
3,11
3,5
2,2
1,0
2,1
1,2
2,2
2,2
3,3
3,10
2,2
1,1
2,2
2,2
2,2
2,2
3,6
17,1
2,2
2,2
1,1
1,1
2,2
3,11
2,2
3,5
2,2
2,2
2,2
2,6
2,2
3,6
6,17
3,6
1,1
2,2
1,1
3,0
2,2
2,2
3,3
3,5
2,2
2,2
3,11
2,2
1,1
1,1
14,15
1,2
2,8
2,2
2,2
3,6
5,17
1,1
2,17
2,2
2,8
2,1
2,2
2,2
2,3
2,2
2,2
2,2
3,0
1,1
2,2
2,2
3,13
3,6
2,2
3,11
2,2
2,2
2,2
1,1
2,2
2,3
2,2
2,2
1,1
2,2
2,6
2,2
2,2
2,2
2,2
2,2
2,6
3,9
1,1
2,2
1,1
14,16
2,2
1,1
2,8
2,3
1,1
3,11
2,2
2,2
2,2
2,2
1,2
2,2
3,6
2,2
6,10
2,2
3,3
3,5
2,2
2,2
2,2
2,2
3,9
2,1
1,2
2,2
2,2
2,2
2,2
2,2
3,0
11,13
2,2
2,2
2,2
3,11
2,2
1,1
2,6
2,2
1,1
3,3
3,8
2,2
2,2
2,8
2,2
2,2
2,2
2,2
3,5
2,2
2,2
3,3
2,2
17,8
2,2
2,2
2,2
3,11
2,2
1,1
1,1
2,2
2,2
2,2
2,2
2,2
2,2
3,0
2,2
3,6
2,6
2,2
3,0
3,11
2,2
2,2
3,11
3,2
2,2
2,2
3,3
3,6
2,8
2,2
2,1
2,2
2,2
2,2
2,2
2,2
2,2
2,2
2,2
2,2
6,17
2,2
2,2
2,2
2,2
3,8
2,2
2,1
2,6
2,1
3,11
2,2
2,1
3,0
3,5
2,2
1,1
2,2
0,17
2,2
48,0
2,2
6,17
3,6
2,3
3,13
2,3
2,2
2,2
3,6
2,2
2,2
2,2
3,11
2,2
5,10
2,2
2,6
2,2
2,2
2,2
3,2
2,2
2,2
2,2
3,3
2,2
2,2
2,2
2,2
2,2
2,2
3,6
2,2
2,1
2,2
3,0
3,8
2,1
3,11
2,2
1,1
3,0
1,1
2,2
2,2
3,8
2,2
1,1
2,8
2,2
2,1
3,8
2,2
2,2
1,1
2,2
2,11
2,2
2,8
2,2
3,3
2,2
2,2
3,6
2,2
2,2
1,1
2,2
3,2
2,2
2,2
5,8
1,1
2,0
1,1
2,2
1,1
3,1
1,1
3,6
2,2
2,2
2,2
2,2
2,2
2,2
2,2
3,11
2,2
2,2
3,6
3,9
3,0
2,2
1,2
3,9
1,17
3,11
1,2
14,12
2,2
2,1
3,0
1,9
2,2
2,2
3,3
2,1
2,2
2,2
2,2
2,2
2,2
2,2
2,2
5,17
2,8
2,2
2,0
1,1
2,2
2,2
2,9
3,2
2,2
3,3
2,2
2,2
2,8
2,2
2,2
2,2
2,6
1,1
2,13
2,2
3,11
2,3
2,2
2,2
2,2
2,1
2,2
1,2
2,2
3,5
2,2
2,0
2,2
3,0
2,2
2,11
2,2
2,2
2,3
3,3
2,2
2,2
2,2
2,2
3,6
2,2
2,2
2,6
2,2
2,2
2,2
2,2
2,2
2,2
2,2
2,1
2,2
2,2
2,2
2,2
1,1
2,3
2,2
3,5
2,2
2,2
2,2
2,2
1,3
2,2
2,2
2,2
2,2
2,2
2,2
3,11
3,11
2,3
2,2
1,1
3,8
2,2
2,2
2,2
1,1
3,8
2,2
1,1
3,6
3,8
1,1
2,2
1,1
2,2
3,6
3,2
2,2
2,2
2,2
3,8
2,6
1,1
3,5
3,0
3,0
1,2
2,2
2,2
14,14
2,2
1,2
2,2
1,3
2,2
2,2
3,6
3,2
2,2
3,3
2,6
1,1
3,8
2,2
2,2
2,2
1,1
3,11
2,2
1,1
2,2
1,1
2,2
2,6
3,6
2,2
3,3
2,2
2,2
3,8
3,5
1,1
2,2
2,1
3,5
2,2
3,3
2,2
2,2
2,2
3,10
2,2
1,1
2,2
2,2
6,11
1,1
2,2
2,2
2,3
3,3
3,13
9,17
2,2
1,1
2,2
3,6
2,2
3,11
2,2
2,2
1,1
2,2
1,1
3,2
2,2
2,2
3,3
2,2
2,11
2,2
2,10
2,6
2,1
1,1
1,1
2,2
2,2
3,11
3,6
1,1
2,2
2,2
2,2
2,3
2,2
3,11
2,2
2,2
6,0
1,1
2,2
2,2
2,8
2,2
5,17
2,2
2,2
2,3
3,0
2,2
2,2
2,2
2,2
1,1
2,2
2,8
2,2
1,1
1,1
1,1
2,2
1,12
2,2
2,8
2,2
2,2
2,2
2,2
2,2
3,6
2,2
14,14
1,13
3,6
2,2
2,1
2,2
2,6
2,2
2,2
2,2
2,2
1,2
2,2
3,0
3,17
1,1
3,3
3,3
2,2
2,2
3,8
3,6
1,1
2,2
6,0
2,8
2,2
3,11
3,6
2,2
2,2
2,2
2,2
2,1
1,12
14,14
2,2
2,2
2,1
3,0
2,2
3,0
2,2
2,2
3,0
2,17
3,11
1,2
2,2
2,2
14,15
3,6
1,1
2,2
2,1
2,2
6,11
2,12
1,1
2,2
2,2
2,2
2,2
2,2
3,3
3,3
3,3
3,0
2,2
2,2
3,6
2,2
2,2
2,2
2,2
1,1
2,2
3,8
2,2
1,1
2,2
3,11
3,8
2,2
2,2
1,1
2,2
14,13
2,2
2,2
2,1
2,2
2,2
2,3
2,2
2,2
12,17
2,2
2,2
3,8
3,6
2,2
2,6
2,8
2,2
2,2
1,1
2,2
2,2
1,1
3,8
2,2
3,8
2,2
2,2
3,6
2,0
2,2
2,2
2,2
3,3
2,1
2,3
1,1
2,2
2,2
2,3
1,1
2,2
2,5
1,2
3,10
2,2
3,6
2,2
2,2
14,15
2,2
1,1
3,9
2,2
2,2
2,2
2,2
3,6
2,2
2,6
2,1
2,2
2,2
3,8
2,2
1,14
3,6
3,11
2,2
3,6
3,8
2,2
3,0
2,2
2,2
2,2
3,5
2,2
2,2
0,17
2,2
2,2
2,2
3,5
2,1
1,2
2,2
2,2
2,2
2,2
2,2
2,2
0,13
1,6
2,3
2,2
3,3
2,2
2,2
2,2
2,2
2,2
2,2
2,2
2,2
2,2
2,2
2,2
3,9
1,2
1,1
1,2
3,9
1,1
2,2
2,1
3,11
2,2
2,2
1,1
2,2
3,5
2,1
2,2
3,0
2,2
1,1
3,11
14,14
2,2
1,1
14,17
2,2
2,2
2,1
2,0
2,2
1,9
2,2
2,2
1,6
0,8
14,14
2,2
3,6
2,2
3,8
3,11
2,8
3,6
2,2
2,2
2,2
3,11
2,2
2,2
1,1
2,2
3,8
2,2
2,2
2,2
2,2
10,8
3,9
1,1
1,1
3,11
1,1
3,3
3,9
2,2
2,2
2,2
3,11
3,9
3,11
2,2
2,2
2,2
2,2
2,2
2,2
3,10
2,1
2,2
2,2
1,1
2,2
3,5
2,2
2,2
3,11
2,2
2,8
2,1
3,0
3,6
2,11
1,1
2,2
3,3
2,2
2,2
2,2
2,2
2,2
2,9
3,6
1,1
3,6
3,11
2,2
2,2
1,1
3,6
2,2
2,12
3,6
2,2
3,5
2,2
2,2
2,2
1,1
3,2
3,9
2,2
3,11
2,2
2,2
2,2
2,6
2,2
2,2
2,2
2,2
2,2
2,2
2,11
2,2
2,2
2,2
2,1
3,8
3,6
1,1
2,2
2,2
2,6
2,2
3,0
2,2
3,8
2,2
2,2
2,1
2,2
5,17
2,2
3,3
3,6
2,2
3,11
2,2
1,1
3,9
1,1
3,0
3,6
10,2
2,2
2,0
3,0
3,5
2,2
3,6
2,2
2,2
2,2
2,2
1,1
2,2
2,2
2,2
3,8
2,2
2,2
2,2
2,6
2,6
3,8
2,2
3,2
2,2
2,2
2,3
2,1
3,6
2,2
2,2
2,2
2,2
2,2
2,2
3,6
1,1
2,2
2,2
2,2
2,2
2,2
3,9
3,11
2,2
2,2
3,0
2,3
2,2
2,2
2,2
2,2
2,8
2,2
2,2
2,2
3,2
3,0
1,1
2,2
1,1
2,2
3,6
2,2
2,2
2,6
2,2
2,2
2,2
2,2
2,10
2,2
2,2
2,2
2,2
1,2
2,2
1,11
2,2
6,17
2,2
2,2
2,2
9,12
2,2
2,2
3,3
2,8
11,17
3,5
2,2
1,17
2,1
1,8
2,2
2,2
2,1
2,2
2,2
6,10
2,2
2,3
2,2
0,17
2,2
2,2
2,2
2,6
2,2
3,8
2,2
2,2
2,2
2,2
3,5
2,2
1,1
1,0
1,1
2,2
2,2
2,2
2,1
2,2
1,1
2,1
1,1
2,2
2,6
3,0
1,1
2,2
14,17
3,0
3,2
2,2
2,2
1,17
2,2
2,2
2,8
1,1
1,1
2,2
2,2
2,2
3,5
2,2
3,0
2,2
2,8
3,11
2,2
3,11
2,2
6,10
0,17
1,1
2,2
2,2
3,5
3,9
2,2
2,2
2,2
2,2
14,13
2,2
3,0
1,1
3,8
2,2
2,2
3,8
3,6
2,2
1,1
2,2
3,6
1,1
1,1
2,10
2,2
2,5
2,1
2,2
2,2
2,2
2,2
2,2
2,1
2,2
3,9
2,2
1,2
3,3
2,2
3,3
2,2
2,3
2,2
2,2
2,2
3,5
2,2
3,5
3,6
2,2
2,2
14,14
2,2
2,2
2,2
5,17
2,2
2,17
2,2
2,2
3,8
3,8
2,2
2,2
3,0
3,6
2,2
3,6
2,2
2,2
2,2
2,2
2,2
2,2
2,2
2,2
2,2
3,0
2,2
2,2
2,1
2,6
2,2
1,1
2,2
2,2
2,2
2,2
2,8
1,2
3,6
1,9
2,2
2,2
3,11
2,2
2,2
3,6
2,2
1,1
1,12
2,2
2,2
2,2
3,12
3,6
2,2
2,2
3,3
3,5
1,1
2,2
3,11
2,2
2,2
2,2
2,2
2,1
2,6
2,2
2,13
2,2
2,3
1,1
3,11
2,2
2,2
3,0
2,3
3,3
2,13
2,1
2,2
2,2
2,2
3,10
2,2
2,2
2,2
2,2
3,0
2,2
1,1
2,2
2,2
2,2
2,2
2,2
2,2
2,2
3,9
2,2
2,3
3,11
2,2
3,0
2,2
2,2
1,1
2,2
2,2
2,2
2,1
3,10
2,2
3,11
1,1
2,2
1,2
2,2
1,11
2,2
1,1
2,2
2,2
2,6
2,2
17,10
2,2
2,15
2,2
2,2
3,5
2,2
2,6
2,2
1,1
2,2
2,2
1,1
2,2
3,3
2,11
1,1
1,1
2,2
1,1
2,2
1,1
2,2
1,1
3,6
2,2
2,2
2,2
3,0
2,16
2,8
2,2
2,2
3,3
3,6
2,2
2,2
2,2
3,11
2,2
3,3
2,2
2,2
3,13
2,2
2,2
2,2
3,6
2,2
2,2
3,8
2,2
2,2
2,2
2,1
2,2
1,2
2,2
1,1
1,9
2,1
2,2
2,2
2,2
3,5
1,12
3,11
2,6
2,6
1,1
1,1
1,12
2,2
2,2
2,2
2,11
1,2
2,2
3,11
2,2
2,2
2,2
2,6
3,6
2,2
1,2
2,2
3,5
3,0
2,2
2,2
2,9
2,2
2,2
2,2
2,2
1,1
2,2
2,2
2,2
2,12
2,2
2,2
2,1
2,1
2,2
2,2
2,2
1,1
3,3
1,1
2,3
3,6
2,2
2,2
2,2
3,11
2,2
2,3
2,8
2,2
2,2
3,11
2,1
2,1
2,2
3,11
3,3
2,2
2,2
2,2
1,1
2,2
2,1
2,3
2,2
3,13
14,12
2,2
2,2
2,2
3,11
2,2
3,11
2,2
3,6
2,2
3,5
2,2
2,2
3,3
2,2
2,2
2,11
2,2
2,2
3,9
1,1
2,6
2,2
2,2
2,2
1,1
2,2
3,0
14,11
3,9
2,9
3,8
3,6
2,2
1,1
2,6
2,2
2,2
2,2
1,11
2,2
1,1
2,1
2,2
2,2
1,0
2,2
1,1
3,10
2,2
3,6
2,17
2,2
2,6
2,6
3,11
6,10
1,1
2,2
3,0
2,8
2,2
1,1
6,10
2,2
6,8
2,11
2,3
1,1
3,8
2,2
2,2
2,2
3,0
2,2
2,2
2,2
1,1
3,5
2,2
3,6
2,2
1,1
2,2
3,6
2,1
1,1
2,2
2,2
1,1
2,2
2,10
1,1
2,2
3,11
2,2
2,2
2,2
2,2
3,11
1,2
3,8
2,2
3,11
2,2
11,17
2,9
1,1
2,6
2,2
2,2
2,2
3,9
2,2
2,2
0,17
1,1
2,2
2,2
2,1
1,2
1,1
3,3
2,2
2,2
2,1
2,2
6,10
2,2
2,8
2,2
2,1
2,2
2,2
2,2
3,3
2,2
2,2
3,6
3,5
3,8
2,2
3,11
2,2
2,2
2,1
2,2
2,2
2,2
2,2
1,1
3,6
2,2
2,2
3,5
1,1
2,2
1,1
2,1
2,2
3,5
2,2
2,2
2,2
1,1
1,11
2,1
2,2
2,2
2,2
2,2
5,17
2,2
2,2
3,6
2,2
2,2
2,2
1,1
2,2
2,2
1,1
2,2
2,2
3,0
2,2
2,2
3,11
2,11
2,2
2,1
2,2
3,0
1,1
2,2
6,17
2,2
3,8
2,8
2,8
2,2
1,1
2,2
2,2
2,2
2,1
2,2
1,1
3,8
3,0
3,0
2,2
2,2
2,2
3,6
2,2
2,2
2,2
1,1
2,6
3,6
2,2
2,2
2,2
3,8
2,0
2,2
2,2
2,2
2,2
2,2
3,11
1,2
2,2
2,2
2,2
2,2
3,9
1,1
3,6
2,2
2,11
2,2
3,3
2,2
2,2
2,2
2,2
2,2
2,2
2,2
2,2
2,2
3,0
1,1
2,2
2,3
2,2
3,11
2,2
2,2
2,1
2,1
1,1
2,2
3,11
2,3
2,2
2,2
1,1
3,11
2,1
3,3
2,2
2,1
2,2
1,1
3,11
2,2
2,2
2,5
2,2
2,2
2,2
1,1
2,2
3,0
1,1
1,1
1,8
2,2
2,2
3,11
2,2
2,2
2,8
1,1
1,1
0,8
3,5
2,2
2,2
2,2
1,1
2,2
2,3
2,2
2,2
3,5
2,1
5,8
2,2
3,6
2,2
2,2
3,6
3,0
2,2
2,2
2,2
2,0
2,2
2,2
1,1
2,2
2,2
2,2
3,11
2,2
3,0
2,2
2,2
2,2
2,2
3,5
2,2
3,6
2,2
3,5
2,2
3,3
2,2
1,1
2,2
2,2
2,8
1,1
1,1
3,13
2,2
2,3
3,0
2,2
2,2
3,5
3,0
2,2
2,2
1,1
2,1
1,1
1,1
1,2
2,2
1,1
2,2
3,10
3,6
2,2
3,6
2,6
2,3
2,2
2,2
2,2
2,2
3,2
3,6
2,2
2,2
3,2
2,2
2,8
3,0
2,1
2,2
14,15
2,2
3,5
2,2
2,2
1,2
2,2
2,2
2,2
2,2
2,2
3,6
2,2
6,0
2,2
2,2
2,6
3,8
2,6
1,2
3,8
3,13
3,12
2,2
2,2
2,1
2,2
2,2
2,2
2,2
5,17
3,2
2,2
2,2
2,2
2,11
1,1
3,11
2,2
1,1
2,2
2,1
2,2
2,2
3,9
2,2
2,6
2,2
2,2
2,2
2,1
2,2
2,2
3,8
2,2
2,2
2,2
2,2
2,2
2,2
2,9
3,8
1,1
1,1
3,5
1,1
2,2
2,6
2,2
2,2
8,1
2,2
3,5
2,2
1,1
2,2
2,2
2,2
2,2
2,2
3,8
2,2
2,2
2,2
2,2
3,11
2,2
2,2
3,9
2,2
5,13
2,2
2,2
2,1
2,2
2,2
2,0
2,6
2,2
2,2
3,10
1,1
1,1
2,2
3,6
2,2
2,2
2,2
3,0
2,9
2,2
1,1
1,1
3,11
2,2
1,1
2,2
2,2
3,8
2,2
2,2
2,1
3,11
3,11
2,2
2,2
2,2
2,2
3,9
2,1
3,11
2,2
3,8
2,2
2,2
2,2
3,6
2,2
2,2
2,2
2,2
2,2
2,2
2,9
2,2
3,11
1,8
2,2
2,2
2,2
2,2
2,2
3,11
2,2
2,2
2,2
2,2
3,13
2,2
3,11
1,1
2,2
2,2
3,11
3,11
2,2
2,2
3,10
2,2
3,11
14,2
2,2
2,2
2,2
3,3
1,1
2,2
2,2
3,6
2,2
2,1
1,1
1,1
1,2
2,3
2,2
3,8
3,0
3,6
2,2
2,2
3,3
2,2
2,2
2,2
3,0
3,2
2,2
2,1
3,10
2,3
2,2
2,2
2,1
3,10
2,2
3,11
2,2
2,2
2,2
1,1
2,2
2,2
2,2
3,11
3,11
3,11
2,17
2,2
2,8
2,3
2,1
1,12
2,6
1,8
2,3
2,2
2,2
2,2
2,2
2,2
2,2
2,2
2,2
2,1
2,2
14,13
2,2
3,6
2,8
2,2
2,1
2,1
5,8
2,1
2,2
2,2
2,2
3,0
2,2
3,0
2,2
1,1
2,2
2,2
5,6
3,3
2,2
2,3
2,2
2,2
3,3
2,2
2,2
2,2
1,1
2,3
2,2
2,1
2,2
3,11
2,2
2,2
1,1
6,11
3,8
2,2
2,2
2,2
2,2
2,8
1,1
3,8
2,2
10,2
2,2
2,2
2,5
2,6
2,6
3,6
1,6
2,2
2,6
3,10
3,8
2,2
3,11
2,2
2,2
2,2
2,2
2,2
2,2
2,2
2,2
2,6
3,0
2,2
3,3
2,1
3,6
2,2
2,2
2,2
3,9
2,6
2,2
2,2
2,11
1,1
2,2
2,2
2,2
2,2
3,6
2,2
2,2
6,10
1,1
2,2
2,2
3,10
2,2
2,2
6,17
2,2
2,2
14,12
3,11
2,2
3,6
2,2
3,11
2,2
2,8
2,2
3,3
2,0
2,2
3,8
2,0
2,2
2,2
1,1
1,2
3,11
2,2
1,1
3,6
2,2
1,1
3,6
2,2
2,2
2,2
1,1
1,1
2,2
3,0
2,2
3,6
1,1
3,3
2,2
1,1
1,1
3,9
2,2
2,1
2,2
2,2
3,9
2,2
2,2
2,2
2,2
14,2
2,3
0,13
3,9
2,6
2,3
2,2
2,2
1,3
3,3
2,2
3,6
1,2
2,2
2,2
3,6
3,8
2,2
2,2
2,2
3,3
2,8
2,2
3,11
2,2
2,2
2,8
3,10
3,0
3,0
2,2
2,2
2,2
2,2
2,2
3,11
1,2
2,2
2,2
2,3
2,8
1,1
1,1
1,2
2,1
1,1
2,2
3,6
3,0
2,2
2,2
2,2
2,2
2,2
3,0
2,2
3,0
2,2
2,2
3,11
5,13
3,0
17,13
2,2
1,1
2,2
2,2
2,6
2,2
2,2
3,0
3,8
2,2
2,1
2,2
1,1
2,2
2,1
2,2
2,2
2,2
2,2
2,2
2,2
1,1
2,2
3,3
2,2
2,2
3,8
2,2
3,11
3,8
2,2
2,2
2,2
2,2
6,10
2,2
3,9
2,2
1,1
2,3
1,1
2,2
3,3
1,6
2,2
3,0
1,6
3,5
3,8
3,0
3,0
2,2
2,2
2,2
2,2
2,2
2,2
2,2
2,0
2,2
2,2
2,2
1,12
2,2
1,2
2,6
2,2
2,8
1,1
2,1
6,17
3,8
2,6
3,6
2,2
2,2
1,3
2,2
2,2
1,2
3,6
2,2
2,2
2,2
3,6
2,2
2,2
1,1
2,2
1,12
14,17
2,8
2,2
2,2
2,2
1,1
3,10
2,2
3,15
2,2
2,2
2,2
2,2
1,1
2,1
3,0
2,8
2,2
2,2
2,2
3,13
2,2
2,2
3,11
3,13
1,2
2,2
2,2
2,3
2,2
2,2
2,2
1,2
2,2
2,2
3,0
2,2
2,2
2,2
2,2
1,1
3,3
1,2
3,5
2,2
3,5
3,0
3,11
6,17
3,11
3,6
1,2
2,2
2,2
2,2
3,10
2,2
3,11
2,2
2,2
3,11
2,2
2,2
1,1
2,2
3,11
2,2
2,2
1,2
1,2
3,11
2,2
2,2
2,2
2,2
2,2
3,6
2,8
3,3
3,11
2,2
2,2
2,2
2,2
2,2
1,1
2,2
3,9
2,2
2,2
2,2
2,2
2,2
2,2
1,1
3,5
1,2
2,1
2,0
2,2
3,0
1,1
3,2
3,3
3,5
2,2
2,2
3,5
2,2
2,2
3,6
3,3
3,2
3,8
2,8
3,6
2,2
2,2
3,3
2,2
2,2
14,15
2,2
2,1
2,2
2,2
3,6
2,2
1,1
5,17
2,2
2,2
3,11
1,1
3,5
2,2
1,6
3,2
2,2
1,6
1,1
2,2
2,2
3,2
3,2
2,2
2,2
3,6
2,3
2,2
2,2
2,2
1,1
1,1
1,1
3,8
3,5
2,1
3,10
1,1
2,2
2,5
3,3
3,9
2,9
3,8
2,2
2,2
3,9
2,2
3,10
2,2
3,11
1,1
2,2
2,2
3,11
1,2
3,3
14,14
2,2
2,2
2,5
2,2
2,2
3,6
3,13
3,3
2,2
2,2
2,2
2,2
1,1
2,2
2,2
2,1
1,2
2,8
2,2
2,2
2,2
3,3
3,8
3,9
17,2
14,15
2,2
1,1
2,2
2,2
2,2
2,2
2,2
2,2
2,3
2,2
2,2
1,1
2,2
3,3
2,2
3,9
2,2
1,1
1,1
3,6
3,0
2,2
2,2
2,2
6,17
2,2
2,2
2,2
2,2
1,1
1,1
2,2
2,2
2,2
3,0
1,1
2,2
3,6
2,2
2,2
2,2
2,2
1,1
3,6
3,11
2,2
2,2
2,1
2,2
3,6
3,6
2,2
3,11
2,3
2,8
2,8
2,2
2,2
1,2
1,1
1,1
2,2
2,2
2,2
2,2
2,2
2,2
3,3
1,1
2,2
2,2
1,1
1,1
2,1
3,3
3,5
2,2
1,1
1,1
1,1
9,17
2,2
1,1
2,2
2,2
2,2
2,3
2,2
2,2
1,2
2,8
5,17
2,2
2,2
1,1
3,0
1,1
2,3
2,9
1,1
2,2
3,6
3,6
1,1
3,5
2,2
2,2
2,8
2,2
2,2
2,2
2,3
1,1
6,10
2,2
3,9
2,2
3,11
3,3
2,2
3,0
2,2
2,2
3,11
2,2
2,2
2,2
2,1
3,6
1,1
2,2
2,2
2,2
2,2
2,2
2,0
1,1
2,2
2,0
2,2
3,6
2,2
2,2
2,2
2,1
2,2
1,1
2,2
1,1
3,11
2,2
3,8
2,2
2,2
3,0
2,2
2,2
2,2
2,2
2,2
2,2
2,2
2,2
2,2
10,17
2,2
2,2
2,2
2,2
2,1
1,1
2,2
3,10
2,2
3,11
2,2
2,2
2,2
3,0
14,14
6,10
2,2
2,2
2,11
1,1
2,2
3,9
1,3
2,2
2,2
2,2
2,2
2,2
1,1
3,2
2,2
1,2
2,2
3,11
2,2
2,2
2,2
2,2
3,11
3,17
2,2
2,2
3,6
6,17
2,2
2,2
2,2
2,2
1,1
2,2
0,8
1,2
2,2
6,2
2,2
3,6
0,9
1,1
3,0
3,11
3,6
3,6
2,8
2,2
2,2
2,1
3,11
2,2
0,17
1,1
0,17
2,2
2,2
3,6
2,2
2,2
2,2
2,6
2,2
2,2
3,2
2,2
2,9
5,17
3,6
0,13
2,8
2,2
1,1
3,10
2,2
1,1
2,8
2,1
2,2
3,11
2,2
2,3
3,6
2,1
2,2
2,6
2,2
5,17
2,2
2,2
3,10
1,1
2,2
6,2
3,2
2,13
3,8
2,2
1,1
2,2
2,2
14,15
2,3
3,0
2,2
1,1
2,6
3,2
2,2
2,2
2,2
2,2
3,11
3,0
3,6
2,2
2,2
2,2
2,2
1,1
3,8
2,2
2,2
1,1
2,2
2,1
2,2
13,2
3,11
2,2
14,14
2,2
2,2
3,8
9,11
2,2
2,2
1,1
2,2
14,14
3,8
2,8
2,2
2,2
1,2
3,3
5,17
2,8
1,1
1,1
2,2
2,2
3,5
2,2
2,6
2,8
2,2
2,6
3,11
2,2
2,2
2,0
3,3
2,2
2,1
2,2
2,2
2,2
2,2
3,5
2,2
1,1
2,2
5,2
1,1
3,10
2,2
2,2
2,2
2,2
2,1
2,1
3,11
2,2
2,2
2,3
2,1
2,2
2,2
1,2
2,1
2,2
1,1
1,1
1,1
2,2
2,2
3,8
5,17
1,1
1,2
1,9
3,0
2,2
2,2
2,2
1,1
2,2
2,2
2,2
1,1
3,0
2,2
2,1
2,1
2,2
1,1
3,11
2,2
3,6
3,2
1,1
2,6
2,2
2,2
2,2
2,2
2,2
2,2
2,2
2,2
2,2
2,2
3,10
3,3
2,2
2,2
3,9
2,2
2,2
2,6
2,2
3,3
2,2
2,2
1,2
2,2
2,2
1,1
2,1
2,2
2,1
1,1
2,2
2,2
2,1
2,2
2,5
2,2
2,2
2,2
2,2
2,2
2,2
2,2
2,2
2,2
2,2
2,1
3,11
3,9
3,6
1,1
3,0
2,1
3,11
1,1
1,1
3,0
2,2
6,17
2,2
2,2
2,2
15,9
2,2
2,2
2,2
2,2
1,2
3,8
3,6
2,2
2,2
3,12
1,1
1,1
3,0
2,2
2,2
2,2
3,6
17,8
1,1
2,2
2,2
3,8
2,2
2,2
2,2
2,2
6,17
2,2
1,2
2,2
1,1
2,2
3,3
2,2
2,2
2,2
2,2
1,1
1,1
2,2
1,1
3,0
6,8
1,1
2,3
2,2
2,2
2,2
2,2
14,12
2,2
3,11
3,11
3,9
2,2
2,2
2,6
14,15
2,2
2,2
1,2
2,3
2,2
3,9
2,2
2,2
2,1
3,3
17,8
3,11
2,3
2,2
2,2
2,8
2,2
1,1
2,2
2,2
3,11
2,2
3,0
2,2
2,2
3,8
2,2
3,11
2,2
5,17
2,2
2,2
3,3
1,1
2,1
2,2
3,3
2,8
1,1
3,13
2,2
2,2
2,2
2,2
2,1
2,1
2,2
2,2
2,2
2,3
6,0
2,2
2,2
2,2
3,3
2,2
6,10
2,1
1,1
1,1
6,8
0,10
2,1
3,3
2,2
5,3
3,3
2,2
2,2
3,9
3,5
2,2
2,2
2,2
3,11
1,1
1,2
3,2
2,2
2,1
2,1
3,11
2,2
2,2
1,2
2,2
3,11
2,0
2,6
1,2
3,11
1,1
2,2
3,9
2,2
2,2
2,10
3,3
2,2
2,2
2,2
1,1
2,2
3,11
2,2
2,2
2,2
3,3
2,2
1,1
2,2
2,2
2,2
2,2
1,1
2,1
3,6
2,2
3,11
3,11
1,1
2,2
2,2
3,6
1,2
2,2
2,2
2,2
3,6
2,2
3,3
2,2
3,13
2,2
2,2
3,8
2,2
2,2
3,9
3,5
2,9
2,2
2,2
2,3
2,8
3,11
3,0
2,2
2,2
2,2
2,2
2,6
2,2
3,8
3,3
6,17
2,2
2,2
3,11
2,2
2,2
2,2
2,1
3,0
2,2
1,1
2,6
2,2
3,6
2,2
3,3
3,9
2,2
2,2
3,0
3,0
6,8
3,3
2,2
2,2
2,2
3,2
2,2
3,8
2,2
1,1
2,1
1,1
3,6
2,2
2,2
2,2
2,2
1,1
6,2
2,2
1,1
2,3
2,2
2,2
3,11
1,1
2,2
6,10
3,8
2,2
3,3
2,2
2,2
2,2
2,2
2,2
3,0
2,0
2,2
2,6
2,2
2,2
3,6
2,2
2,2
3,8
3,6
2,2
2,2
2,2
5,10
2,2
2,2
2,2
2,2
2,2
3,6
2,2
6,17
3,6
3,5
10,12
2,2
1,1
2,0
2,1
2,2
2,2
2,2
3,3
3,11
2,2
2,2
3,5
2,2
2,2
2,2
3,0
2,2
2,2
3,0
2,2
2,10
1,1
1,1
2,1
3,3
2,2
2,2
2,2
2,2
2,2
2,2
2,2
3,6
2,2
1,1
2,2
3,6
2,2
2,2
2,2
3,5
2,2
2,2
2,2
3,6
2,3
2,2
2,2
1,1
2,2
3,5
5,10
2,2
3,5
2,6
2,2
2,2
2,2
3,6
3,6
2,2
2,2
2,1
3,3
3,5
2,2
2,2
2,2
2,2
3,6
3,9
2,1
3,0
3,13
2,2
2,2
3,5
2,2
2,2
2,2
2,2
2,11
2,2
2,1
1,1
2,2
3,0
3,6
3,3
2,2
1,2
1,2
2,2
2,2
2,2
1,1
2,2
3,3
2,2
2,2
2,2
2,1
2,0
3,6
3,0
1,2
2,2
2,6
2,2
2,2
2,1
2,2
2,2
2,2
17,6
2,2
2,2
2,2
2,2
2,1
2,2
2,2
2,2
2,3
2,2
2,2
1,1
3,8
2,2
3,6
2,2
3,11
2,2
2,2
2,2
3,10
2,2
2,2
2,2
2,2
1,1
1,1
14,11
3,11
2,2
2,2
3,6
1,12
2,2
2,1
3,2
1,1
2,2
2,2
2,2
2,2
1,1
2,2
3,0
3,2
2,2
2,10
3,6
2,2
1,1
1,1
1,1
3,11
2,2
2,2
2,2
2,2
2,2
2,2
2,2
1,2
3,6
2,2
2,2
1,1
3,2
3,10
3,11
1,1
1,1
2,3
2,2
2,2
3,2
3,11
2,2
2,2
3,10
2,2
2,2
2,2
2,1
2,2
2,1
2,2
2,2
2,2
3,6
2,2
1,1
2,2
5,8
3,11
3,10
3,0
2,2
1,12
1,1
2,2
2,2
1,1
2,2
2,2
3,0
2,2
2,2
3,0
3,5
1,2
2,2
3,10
6,10
1,1
3,9
2,1
2,2
2,2
1,1
2,2
2,2
2,2
3,3
2,2
2,2
9,11
2,2
6,2
2,2
2,2
1,2
2,2
2,2
3,8
1,1
48,9
1,1
2,2
2,2
2,2
2,2
3,0
1,1
6,9
1,1
2,8
3,0
2,1
2,2
2,2
3,6
2,2
2,8
2,2
2,3
2,2
2,2
2,2
2,2
3,11
2,2
2,2
1,1
2,2
2,2
2,2
2,2
2,2
3,6
3,3
2,2
2,2
3,0
2,2
1,1
3,11
2,2
2,2
2,2
2,2
2,2
3,6
2,2
2,2
3,8
3,2
2,2
2,2
1,1
2,2
2,2
2,8
1,1
3,6
2,2
2,2
2,2
2,8
2,3
2,2
1,1
2,8
2,2
2,2
2,1
1,1
2,2
1,1
2,1
2,2
3,0
2,2
2,2
2,6
2,2
2,2
1,1
2,1
3,11
2,2
2,2
3,0
2,2
1,0
1,1
2,2
1,1
6,10
2,2
2,2
2,2
2,2
3,11
3,5
3,3
6,0
2,2
14,11
2,2
3,9
3,13
2,2
1,1
2,1
1,1
2,2
2,2
2,2
14,14
2,2
3,6
2,2
1,1
2,2
2,2
1,1
0,8
3,5
2,5
2,2
1,1
2,1
3,11
2,2
3,3
3,6
2,2
2,2
2,2
3,6
3,5
2,2
2,2
1,1
2,2
2,3
3,5
2,2
1,1
2,2
2,2
6,11
3,11
2,2
2,2
2,2
14,17
2,1
1,2
2,2
2,2
3,10
2,2
3,8
2,1
3,6
3,0
2,2
1,1
3,0
1,1
2,2
2,2
2,2
2,2
2,2
2,2
3,0
2,2
2,2
2,2
2,2
2,2
2,2
2,2
3,6
2,2
2,2
2,8
2,1
2,2
3,11
2,2
2,2
1,1
5,17
0,13
2,2
2,8
5,10
1,1
2,2
2,2
2,2
3,6
3,11
2,2
2,2
2,2
2,8
3,5
6,8
2,2
2,2
2,2
2,2
2,2
2,2
2,3
2,2
1,1
3,5
1,1
1,1
2,8
2,2
2,2
2,2
2,2
3,9
6,10
2,2
1,1
2,2
2,2
2,2
2,2
3,8
2,3
2,2
2,2
1,1
5,17
2,2
3,0
2,2
2,5
1,1
3,2
1,1
2,2
3,11
0,8
3,8
2,2
3,3
2,2
2,2
2,2
2,2
2,2
2,2
2,2
3,8
2,2
2,2
2,2
2,2
2,2
2,2
1,1
2,2
2,2
2,2
2,1
2,2
2,2
2,3
2,2
2,2
2,2
2,2
2,2
3,8
3,11
2,2
2,2
2,8
3,6
2,2
2,2
1,1
2,5
2,3
2,13
2,2
1,1
2,2
2,2
2,2
2,2
2,0
2,2
6,6
2,2
2,6
3,6
2,2
2,8
2,2
2,2
3,11
2,2
2,2
2,2
2,2
2,2
2,2
1,1
3,6
2,1
2,2
3,9
2,2
1,1
2,2
2,3
3,6
2,2
2,1
2,2
2,2
2,2
2,2
2,2
2,2
2,2
2,2
3,0
2,2
3,5
2,2
3,11
2,2
1,1
2,2
2,2
2,2
3,8
3,0
3,0
2,1
2,2
3,0
3,11
2,1
2,1
2,2
2,2
3,3
2,2
2,2
2,2
2,2
2,2
2,2
1,1
1,1
3,5
1,1
2,2
1,1
2,2
3,6
3,0
5,0
3,3
2,2
2,2
2,2
1,1
2,2
2,9
2,2
1,1
3,6
2,2
2,2
3,5
2,2
2,2
2,8
1,1
1,2
2,2
0,17
3,6
2,2
2,2
2,2
2,2
2,2
2,6
2,2
2,1
2,2
3,11
2,1
1,1
2,2
3,8
2,2
2,2
2,2
2,2
1,1
2,2
2,2
2,2
1,1
2,2
2,2
3,3
3,6
1,1
2,2
2,2
3,0
3,0
3,8
2,2
3,5
2,2
1,1
2,2
14,17
2,2
2,2
2,8
2,2
2,2
3,6
2,16
11,17
2,6
1,1
2,2
3,3
3,6
2,2
2,2
2,2
2,2
2,2
2,2
2,2
48,14
3,8
2,2
2,2
2,2
3,11
2,2
2,2
3,11
2,2
2,3
2,2
1,1
3,6
3,11
2,2
1,1
2,2
2,2
1,1
3,10
2,5
3,11
2,2
1,1
1,1
2,1
9,9
2,1
2,3
6,17
2,2
2,8
2,2
2,2
2,2
1,2
5,2
2,2
1,1
2,2
1,1
2,2
2,0
2,2
3,6
2,2
2,2
3,9
2,6
2,2
2,2
3,11
17,2
2,1
3,2
3,3
2,0
3,3
3,0
3,3
2,2
2,2
2,1
5,17
2,2
2,2
2,2
2,2
2,2
2,2
2,3
3,2
2,2
2,1
3,8
1,2
3,0
3,3
3,9
2,2
2,2
2,2
1,2
2,2
2,2
3,11
2,2
3,6
3,8
2,9
3,9
3,3
2,8
1,1
2,2
3,0
2,2
2,2
2,2
2,2
1,1
2,2
3,11
3,6
2,2
2,2
3,6
2,1
2,2
2,2
3,3
2,1
2,8
2,2
2,2
2,2
1,1
2,2
2,2
2,2
2,2
2,2
3,8
2,6
2,2
1,1
2,2
1,2
2,2
1,2
3,6
2,2
3,2
2,2
2,2
2,2
2,2
2,2
3,6
3,11
2,2
2,1
1,2
2,1
2,2
2,2
2,2
3,3
3,2
6,10
2,2
2,5
2,2
2,2
2,2
2,2
2,1
2,2
2,2
2,2
6,10
2,6
2,2
3,11
2,8
2,2
2,2
3,3
2,2
2,2
2,2
3,0
2,2
2,2
2,2
2,2
5,8
2,2
2,2
2,5
1,1
2,2
2,2
2,2
2,2
3,3
2,2
2,1
2,8
2,2
2,2
2,2
2,1
2,2
2,6
3,3
2,2
2,8
2,2
2,2
3,6
2,1
2,2
1,2
2,2
2,2
2,2
2,2
2,2
2,2
3,6
1,3
3,2
2,2
1,1
2,2
3,10
2,2
1,1
2,2
3,9
2,2
3,11
2,2
2,2
3,2
2,3
3,2
2,1
2,1
6,17
2,2
2,2
1,1
2,2
2,1
2,6
1,2
2,2
2,2
2,2
2,2
2,2
2,2
2,2
3,11
3,11
1,1
2,2
3,0
3,11
1,1
2,8
2,2
2,2
3,3
2,2
3,9
2,2
2,2
5,17
2,2
2,2
2,8
3,5
5,8
1,2
3,11
2,2
1,1
6,17
1,1
6,9
2,1
2,2
2,2
2,0
5,17
2,2
2,1
2,2
2,2
3,11
1,2
2,2
2,2
2,2
3,6
2,6
1,6
6,9
2,2
2,2
3,8
3,6
2,2
2,2
3,2
3,0
14,13
0,8
3,9
1,1
2,1
9,17
1,2
3,11
2,2
3,11
2,2
2,2
2,1
2,2
2,2
3,3
2,2
2,2
2,2
2,2
2,2
2,2
3,12
2,2
1,1
2,3
1,1
2,2
2,2
2,2
2,2
2,2
2,2
3,8
2,2
2,6
1,1
2,2
2,2
3,2
1,1
1,1
1,1
2,2
2,0
2,2
2,2
2,6
3,5
3,8
14,14
3,10
2,2
0,17
3,11
2,2
2,2
2,2
1,2
2,2
1,1
2,2
5,10
2,2
3,0
3,2
2,6
2,2
2,2
2,2
2,3
1,1
3,8
2,2
2,3
2,2
2,2
2,2
2,2
6,17
3,3
3,11
2,2
2,2
3,2
2,2
3,2
1,1
2,2
2,2
2,2
3,5
2,2
3,6
2,2
2,2
3,11
3,8
3,5
2,2
1,1
2,2
2,2
10,14
2,2
2,2
17,2
2,2
2,2
2,2
3,6
3,8
3,0
2,2
2,2
2,2
1,1
3,5
0,13
2,3
3,11
2,2
2,6
2,2
2,2
2,2
1,2
3,5
2,11
2,2
3,5
2,2
2,2
3,3
3,0
3,8
3,0
2,2
2,2
2,2
1,1
1,1
2,2
1,1
2,2
1,1
2,2
2,2
14,17
2,2
17,8
1,1
2,2
3,8
6,9
2,2
2,2
2,2
2,0
17,8
2,2
3,2
3,3
2,2
2,6
2,9
2,2
3,11
1,1
2,2
2,2
2,2
2,2
3,9
2,8
3,3
2,2
3,2
2,2
2,2
2,1
1,1
3,11
2,0
2,0
3,6
2,2
1,1
2,2
2,2
2,2
1,1
3,6
2,2
3,6
2,2
2,2
2,2
14,13
2,2
2,2
2,2
1,1
3,6
3,5
2,2
3,8
2,2
3,0
3,6
3,11
2,2
1,1
3,8
2,2
2,2
1,1
2,2
2,2
2,0
2,2
5,3
2,2
1,1
2,2
1,1
1,1
2,2
3,13
3,11
1,1
2,2
2,1
2,8
2,6
2,2
1,1
1,2
2,2
1,1
48,0
3,0
2,2
2,2
2,3
1,1
3,0
2,2
1,1
2,2
2,2
2,6
2,9
1,1
1,2
3,10
5,9
2,2
2,17
2,0
3,0
3,3
3,5
2,2
2,8
3,8
2,1
2,11
2,2
2,2
2,2
3,5
2,2
6,17
2,2
2,2
2,2
2,1
2,2
2,0
2,2
1,1
2,2
3,5
2,2
2,2
1,1
3,11
2,6
2,2
2,11
2,2
2,2
2,2
3,3
1,1
2,2
3,8
2,2
2,3
1,11
2,3
3,8
2,2
2,2
3,6
2,2
2,1
2,2
3,12
3,6
1,1
3,8
3,6
1,12
5,10
3,11
2,10
3,3
2,10
3,6
2,2
1,2
3,5
3,11
2,2
3,6
1,1
2,2
2,2
2,1
2,11
2,13
2,2
2,2
2,2
2,1
3,11
2,1
2,2
3,8
1,1
2,2
2,2
3,6
2,13
1,1
1,1
2,2
2,2
1,2
3,0
2,2
2,1
2,6
1,1
2,2
2,2
3,0
3,5
2,6
3,3
3,6
3,3
2,2
2,2
14,13
2,2
1,1
1,1
2,2
1,1
2,2
2,2
2,1
2,2
3,11
2,2
3,6
2,2
3,6
2,2
3,6
2,2
2,0
2,2
17,2
1,1
2,2
2,2
2,1
2,6
3,2
1,1
3,2
2,2
3,9
3,13
3,3
2,2
2,2
3,8
2,2
2,2
2,2
2,2
2,2
2,2
2,2
1,1
2,6
2,2
1,1
2,2
2,2
3,10
2,2
2,2
2,2
2,2
2,13
2,2
2,2
2,2
2,2
3,10
2,2
2,2
2,2
3,11
2,2
2,8
2,2
2,2
3,11
1,1
3,6
14,12
3,3
2,3
2,1
1,1
1,11
2,2
3,2
2,2
2,2
2,9
2,2
2,2
2,6
2,2
2,6
2,2
2,2
2,2
2,2
2,6
2,2
2,2
2,2
6,8
2,0
3,9
1,1
1,1
3,17
2,6
2,2
2,1
2,8
2,2
1,1
2,2
1,1
2,1
2,2
2,2
2,2
2,2
2,2
2,2
2,2
2,2
1,12
2,2
2,2
2,2
2,8
2,2
14,15
2,2
2,2
2,2
3,3
6,13
2,2
2,2
2,11
2,6
2,6
2,1
3,3
0,9
14,14
2,2
3,13
1,1
2,2
2,2
2,2
1,1
3,3
2,2
2,2
2,2
2,2
2,2
2,2
2,2
10,17
2,2
1,1
2,2
1,1
1,2
2,2
1,2
1,1
1,3
0,13
2,2
2,2
2,2
2,2
2,8
2,2
3,2
2,2
2,2
2,2
2,2
2,2
2,2
2,2
3,6
2,2
2,8
2,6
2,2
2,2
3,6
2,2
3,10
2,2
2,2
3,0
2,2
2,2
2,2
2,2
2,2
2,2
2,2
2,2
2,2
3,1
2,2
2,2
2,1
2,2
1,2
2,1
2,2
1,2
2,2
2,5
2,2
2,1
2,2
2,9
2,2
10,6
2,11
6,10
2,6
2,2
2,2
2,6
2,2
1,2
1,1
1,2
2,2
2,2
2,2
3,3
2,2
2,1
2,3
2,2
1,2
1,1
2,2
2,6
2,6
2,2
1,1
2,2
2,8
2,2
2,2
3,8
1,2
2,6
2,2
3,5
14,17
3,8
2,2
3,6
2,2
1,1
2,2
2,5
3,8
3,10
2,1
2,1
2,2
2,2
2,3
2,2
2,2
1,1
2,2
2,2
2,2
1,1
2,2
2,2
2,2
3,5
2,2
2,2
1,1
2,1
2,2
1,1
2,0
2,6
2,2
2,2
1,1
2,2
2,2
3,11
2,2
3,6
2,8
3,17
2,2
2,2
2,3
1,1
2,2
1,1
2,2
2,2
2,2
1,2
2,2
2,2
3,8
2,2
2,2
3,0
2,2
3,2
3,13
2,2
2,2
3,5
2,8
2,2
2,2
14,12
2,2
2,2
2,6
2,2
1,1
2,11
1,1
3,2
3,0
2,6
3,5
1,12
1,1
2,2
2,11
2,2
2,2
3,6
2,6
2,2
2,2
1,1
2,9
3,2
1,1
2,2
2,8
2,11
2,2
2,6
3,5
1,1
3,5
2,2
1,14
1,1
3,9
2,8
2,1
2,2
2,2
2,2
2,2
1,1
2,2
1,1
3,11
2,2
2,8
2,2
3,5
2,2
2,2
3,0
2,2
2,6
3,2
2,2
2,9
2,2
2,2
3,11
2,2
2,2
1,1
3,8
8,13
2,2
3,11
2,6
2,11
3,8
2,2
2,2
2,2
2,2
2,1
2,2
3,6
2,9
2,0
2,3
2,2
2,8
1,6
2,2
5,8
6,9
2,8
1,1
2,2
2,2
2,2
2,10
2,2
3,6
2,2
3,9
3,11
1,1
1,1
2,2
2,2
3,9
2,2
2,2
2,2
2,2
2,0
2,2
3,3
3,3
2,2
2,2
2,1
2,3
2,2
1,2
2,2
2,2
3,6
2,6
2,2
2,2
2,2
2,2
2,2
2,2
14,17
2,6
2,2
1,1
2,2
3,9
2,2
1,1
2,6
2,2
2,2
2,2
2,11
2,2
2,2
2,2
2,1
2,2
2,2
2,2
2,2
2,1
2,3
14,17
2,2
1,1
3,11
1,5
2,2
1,2
2,2
2,2
3,0
2,2
2,2
2,2
2,2
2,2
2,2
2,2
2,3
2,2
3,8
1,2
2,2
2,2
2,2
3,5
5,0
2,2
2,2
2,2
3,11
1,2
2,2
2,2
2,2
2,2
3,3
3,6
2,2
2,2
2,2
1,3
2,2
2,2
2,2
3,9
2,2
2,2
2,2
2,2
2,2
2,2
2,9
3,6
6,13
3,8
1,1
3,0
2,2
2,2
3,6
2,2
2,2
2,2
3,0
2,2
2,2
2,2
2,2
3,8
2,2
3,8
2,8
2,2
3,8
2,2
2,2
2,2
6,0
3,0
1,1
3,3
2,2
2,2
2,2
2,2
2,2
2,2
2,2
3,11
2,1
2,2
3,6
1,1
1,1
2,2
2,1
3,13
2,3
3,11
2,8
1,1
3,0
1,1
2,2
2,2
1,1
1,1
3,8
3,2
14,12
2,2
2,1
2,2
2,2
2,1
0,17
1,1
2,1
2,2
2,2
2,11
2,2
3,6
2,8
1,2
2,2
2,2
2,3
1,6
3,6
2,2
3,9
2,2
3,8
3,0
0,8
1,1
2,2
2,2
2,2
2,2
2,2
3,10
2,2
2,2
3,11
2,2
2,2
2,2
2,2
3,11
3,11
2,2
1,1
2,8
2,2
2,2
1,6
3,3
1,1
2,8
3,4
2,2
3,3
3,3
2,2
3,8
2,6
2,2
2,2
2,2
2,6
2,2
2,2
2,2
2,2
2,2
2,2
2,2
1,1
2,2
14,12
2,2
2,8
3,3
2,2
2,2
3,8
2,2
2,2
3,6
2,2
2,2
2,2
2,2
2,2
2,2
2,2
2,2
3,3
1,1
2,2
1,1
3,11
2,2
1,1
2,2
2,11
2,2
3,8
2,2
2,2
2,1
3,8
2,2
2,8
1,1
2,2
2,2
2,8
3,12
2,2
2,1
2,17
1,1
2,6
2,2
2,2
2,2
2,2
2,2
2,1
3,0
2,2
2,2
3,0
2,2
2,2
2,2
2,2
3,8
2,2
2,6
2,8
2,17
2,3
2,2
1,1
1,1
2,2
2,2
2,1
2,2
2,2
2,2
3,6
3,17
2,2
3,8
17,3
1,1
2,1
1,1
1,2
2,2
6,13
2,2
2,2
2,2
2,2
2,2
3,2
3,5
1,9
2,10
2,2
3,2
2,2
2,2
1,1
2,1
2,2
2,2
2,1
2,2
2,6
17,5
3,8
3,6
2,2
2,2
1,1
2,2
0,9
2,2
2,2
3,0
3,2
2,2
2,2
2,2
2,2
3,11
2,2
2,2
2,2
3,3
1,1
2,2
3,3
14,14
2,2
2,10
2,2
3,6
3,11
2,2
2,11
2,2
2,8
2,2
3,0
14,14
2,2
2,2
3,11
3,2
2,2
3,8
2,2
2,2
2,2
2,6
2,2
3,2
1,1
14,17
2,2
2,2
3,8
2,2
3,0
2,2
2,0
3,6
2,2
2,1
1,2
3,3
2,2
2,2
3,6
2,1
2,1
2,2
2,0
1,1
2,2
2,1
3,3
2,3
2,2
3,3
3,6
2,2
3,11
2,2
2,2
2,2
2,2
1,2
2,2
0,5
2,2
2,2
2,3
5,17
2,2
2,2
3,10
2,1
2,2
2,2
3,3
3,10
2,2
2,2
2,2
2,2
3,11
2,2
2,2
2,2
3,0
2,2
1,1
2,8
3,2
2,2
2,2
2,2
1,1
2,2
3,3
2,2
2,2
1,1
2,2
2,1
2,1
3,6
2,2
2,1
2,2
2,2
2,2
2,2
1,1
14,14
2,2
2,2
1,1
2,2
2,2
2,2
2,2
2,2
2,2
2,2
2,2
2,3
1,1
1,1
2,8
3,11
2,1
2,2
2,2
3,0
1,1
3,11
2,2
2,2
1,1
2,2
2,2
3,10
2,2
2,2
2,0
2,2
1,1
3,0
2,2
2,2
2,2
2,2
3,8
2,9
2,2
2,2
1,1
2,2
2,11
2,8
1,1
2,2
3,11
3,11
2,2
3,17
3,2
2,2
2,2
1,1
2,2
2,2
3,6
3,11
2,3
2,2
2,2
3,11
2,2
2,2
1,1
1,2
3,5
2,2
1,2
1,1
1,1
2,2
2,2
2,2
2,5
1,1
2,2
2,2
2,2
2,2
3,11
2,2
1,1
1,1
2,2
1,1
1,1
3,8
3,10
2,2
1,1
2,2
5,17
2,9
2,3
2,2
2,2
1,1
2,3
2,2
3,0
3,0
2,2
2,2
1,14
1,1
2,8
1,1
5,2
2,2
2,2
3,17
3,8
2,1
2,2
2,2
2,2
1,1
2,2
1,1
3,9
2,8
2,1
2,1
3,10
2,2
3,0
2,2
2,2
2,2
2,2
2,2
2,2
3,8
3,6
2,1
2,2
2,2
2,9
3,5
2,2
1,1
1,1
2,2
2,2
2,2
1,1
2,2
2,2
14,15
5,0
2,2
2,2
1,2
1,13
3,6
2,2
2,2
2,2
2,1
2,2
3,8
1,2
2,3
2,2
48,2
2,2
2,2
2,0
2,2
3,9
2,2
2,2
2,2
3,6
14,13
3,11
2,2
3,0
5,17
2,2
3,11
2,2
3,11
1,1
0,3
3,6
2,2
2,2
2,1
2,2
1,3
2,2
2,2
2,2
3,8
2,1
3,6
2,2
2,2
3,3
2,2
3,10
2,2
2,2
1,1
17,10
3,5
3,8
2,5
2,2
2,2
2,2
3,5
2,2
3,9
2,2
2,2
14,2
1,1
3,5
2,2
3,2
2,2
1,12
2,2
2,2
2,2
2,2
2,2
2,9
1,1
2,12
3,5
2,2
2,2
1,1
1,1
3,11
2,2
14,12
14,14
2,2
1,1
2,2
1,1
2,2
2,2
2,2
3,8
1,2
2,2
3,5
2,2
2,3
2,2
2,2
2,2
2,2
2,2
2,2
2,2
3,10
2,2
2,2
3,3
2,2
2,2
2,2
3,11
2,2
3,2
2,1
3,9
2,2
2,2
3,9
2,2
2,2
3,13
2,2
1,1
1,1
2,2
3,0
2,2
3,0
1,2
2,2
2,2
2,2
2,2
2,2
2,2
2,1
1,1
6,17
3,11
2,2
2,2
2,2
2,2
2,2
2,2
1,2
2,2
2,8
3,0
3,0
3,6
2,2
2,2
2,2
1,1
3,6
3,3
2,2
2,2
3,2
2,3
3,9
2,2
2,11
2,8
2,2
2,2
2,6
2,2
2,17
2,2
1,1
1,1
3,8
3,6
2,2
2,8
2,2
2,2
2,2
2,2
1,1
2,2
3,6
3,11
2,3
2,2
2,6
2,2
2,2
2,2
2,2
3,11
1,1
3,3
1,1
3,0
2,2
2,2
3,9
3,11
3,0
2,2
3,11
2,2
2,2
3,6
2,2
3,3
3,8
1,1
2,2
3,11
1,1
2,8
2,2
2,1
2,12
3,11
2,2
3,11
2,2
2,2
3,0
6,17
3,10
3,11
2,2
1,2
2,2
2,2
1,1
3,3
2,2
2,2
2,2
2,2
2,2
1,1
2,2
0,8
3,5
3,11
1,1
1,1
2,2
2,2
2,2
2,2
3,3
2,8
2,2
1,1
3,0
2,2
2,1
3,2
3,11
2,11
2,2
2,8
2,2
3,9
2,6
1,1
2,2
1,1
2,2
1,2
2,2
2,2
2,2
2,2
2,2
2,2
2,3
2,2
2,2
3,6
2,2
2,2
2,2
2,2
1,1
2,3
2,2
6,17
3,3
2,2
2,1
1,1
2,3
2,2
2,2
2,2
2,2
2,2
3,11
2,3
2,2
1,1
3,5
1,1
3,5
2,2
2,2
2,2
2,2
2,2
2,2
2,2
2,2
2,2
3,11
0,13
2,2
2,2
1,2
1,1
1,0
1,1
2,2
2,2
1,1
2,2
2,2
3,11
2,6
2,6
2,1
3,5
2,2
2,2
2,2
2,2
2,2
2,2
2,2
2,8
3,3
1,2
2,2
2,2
3,11
2,2
2,2
3,5
3,9
3,5
2,2
3,6
3,9
3,6
2,2
1,2
2,2
2,2
2,2
3,8
1,1
2,2
2,2
2,2
2,2
2,2
2,3
3,6
2,2
1,1
2,2
2,2
2,2
2,2
2,2
2,2
2,8
2,2
2,2
6,0
2,9
3,3
2,2
2,2
2,2
2,2
1,1
2,2
2,2
3,9
2,2
2,2
2,9
2,2
6,17
11,11
1,1
0,8
2,2
2,2
2,2
2,2
2,11
0,10
1,1
3,12
1,1
3,0
1,1
2,2
6,8
2,2
2,2
2,2
2,2
1,1
2,2
1,1
2,1
2,2
2,2
6,11
1,1
2,2
2,2
3,2
2,2
2,2
2,6
2,3
2,2
1,3
3,5
2,2
3,11
2,2
14,17
2,2
2,2
2,2
3,11
3,11
2,2
2,2
3,0
2,2
2,8
2,1
3,11
3,10
1,1
0,17
2,2
2,2
2,2
2,2
3,5
2,2
1,2
3,11
2,2
3,5
2,3
2,2
3,9
2,2
1,1
2,2
1,14
3,17
2,2
2,2
3,10
3,11
2,2
3,1
2,2
2,2
6,0
2,2
5,10
2,2
2,2
2,2
3,8
2,2
2,8
1,2
2,2
3,6
2,2
2,3
2,2
1,1
1,1
2,2
2,0
2,2
2,2
2,2
2,2
2,2
2,2
14,2
2,3
2,2
3,9
3,8
2,2
2,3
2,2
1,1
2,1
2,2
1,1
2,2
2,2
2,2
2,6
2,2
2,2
2,2
2,2
2,13
2,2
3,17
2,2
2,2
2,2
2,2
2,2
1,1
2,2
2,2
3,11
0,17
2,2
2,2
3,11
2,2
1,1
3,6
1,1
2,2
3,6
2,2
1,1
2,2
2,2
2,2
2,2
2,2
3,0
1,1
2,2
2,2
2,2
2,2
2,2
2,1
3,6
3,11
2,2
3,6
1,1
2,6
3,5
2,1
2,2
2,2
2,1
2,2
1,1
2,2
2,2
2,2
2,2
1,1
2,3
2,2
2,2
2,3
3,6
2,1
2,1
5,17
2,2
2,2
3,11
2,2
2,2
2,2
1,2
2,1
2,17
2,2
2,1
2,2
2,2
3,0
2,2
3,17
2,2
3,6
2,2
3,11
2,2
3,0
10,8
14,17
2,2
2,2
3,17
2,2
2,2
2,2
2,8
2,2
2,1
3,8
2,2
3,9
2,2
3,8
1,1
2,1
2,1
2,2
2,2
2,2
2,2
3,3
3,8
2,2
3,6
1,12
2,2
2,2
1,1
3,3
3,9
1,1
2,2
2,8
2,2
1,12
3,6
2,2
2,2
2,2
6,6
2,2
3,5
2,1
2,2
2,2
2,3
1,1
2,2
2,2
2,2
2,2
2,1
2,2
6,17
2,2
2,2
1,1
2,2
2,2
2,6
2,2
2,2
1,13
1,2
2,1
2,2
3,3
1,2
2,0
1,1
2,2
5,17
3,0
1,1
1,1
2,2
2,3
2,2
2,1
2,2
2,2
3,6
2,2
3,2
2,2
2,1
1,2
2,2
3,11
3,5
3,8
2,2
2,1
2,1
2,6
2,2
2,2
2,2
2,2
2,3
2,1
2,2
2,2
2,2
2,1
2,2
2,2
3,3
2,2
1,1
3,9
2,2
2,2
1,1
3,6
2,2
2,2
3,9
3,6
0,10
2,11
2,2
3,3
2,2
3,6
2,2
2,2
2,2
2,9
3,13
1,1
2,2
1,1
2,2
3,3
2,2
2,2
3,10
2,2
2,2
3,2
2,2
2,2
3,0
3,11
2,2
2,2
3,1
3,6
3,3
2,6
1,1
1,1
2,2
2,1
2,8
1,1
2,2
2,2
2,2
2,2
2,6
2,2
2,2
1,13
3,5
2,2
2,2
3,5
2,2
2,2
3,3
2,3
2,2
2,2
2,2
3,8
1,1
2,2
2,2
2,2
2,2
2,2
2,2
3,6
3,3
2,12
2,1
3,5
1,1
2,2
2,2
0,2
2,2
2,2
3,10
2,2
2,2
1,1
2,2
3,11
2,2
2,1
2,10
2,0
1,2
2,2
3,10
2,2
3,0
2,2
2,2
1,1
1,2
2,2
2,2
2,2
2,2
2,2
3,3
2,2
2,2
2,2
5,17
2,3
2,2
1,1
2,8
3,9
2,1
2,2
2,2
2,2
2,2
3,0
3,6
2,1
2,2
2,6
2,2
2,2
2,2
2,6
2,2
1,1
2,2
2,6
1,1
3,5
2,2
2,2
2,2
2,11
2,2
3,9
2,2
2,2
2,2
2,2
2,1
2,2
3,0
2,2
2,1
3,11
2,2
2,2
2,2
2,2
2,8
2,2
2,2
2,2
2,2
2,2
2,2
2,13
2,2
3,10
2,2
2,2
3,3
3,11
1,1
2,2
2,2
3,10
3,0
0,2
2,2
3,2
2,2
2,2
2,2
2,2
3,11
1,1
3,9
2,2
2,6
3,9
3,8
2,2
1,1
2,2
2,2
2,2
2,2
2,2
1,1
2,2
2,8
1,1
2,2
3,9
3,8
2,1
2,2
48,12
2,2
2,2
2,2
5,14
1,1
2,2
2,2
2,2
3,3
2,6
2,2
2,2
2,2
1,12
1,1
1,1
3,11
2,3
1,2
3,0
2,2
2,2
2,2
2,2
2,2
1,1
2,2
3,0
3,2
3,9
2,2
2,2
2,2
2,6
3,8
3,2
1,1
2,2
2,2
2,1
2,2
2,8
1,1
3,9
2,2
3,0
3,3
2,2
2,2
2,2
2,1
2,2
2,2
2,2
2,2
2,6
2,2
2,2
2,2
1,1
2,2
2,2
2,2
2,2
2,2
2,2
2,2
3,8
1,1
2,2
3,6
2,2
3,6
2,2
2,2
2,2
2,6
2,2
2,2
2,3
2,2
5,9
2,2
2,2
2,2
1,1
2,2
2,2
2,6
3,5
5,10
2,2
3,8
2,8
3,8
2,10
2,2
2,10
3,11
2,2
2,2
2,8
2,2
2,2
2,2
1,1
2,2
2,2
2,2
3,6
2,2
1,1
2,2
2,2
2,2
2,2
0,17
2,2
1,1
2,2
2,2
2,2
3,0
2,11
3,17
3,11
2,2
2,2
2,2
2,2
3,11
2,2
3,3
2,8
2,2
3,3
2,2
2,2
3,9
2,8
2,2
2,2
2,2
3,2
2,2
2,2
1,17
2,2
3,17
2,2
3,3
2,2
6,6
2,2
2,2
3,3
3,11
2,1
1,2
1,17
2,2
2,2
3,5
2,2
2,2
2,2
3,5
2,2
2,2
2,2
2,2
2,2
2,2
3,2
2,2
2,10
2,11
2,2
2,2
3,11
2,2
2,2
10,6
1,1
2,0
3,11
2,2
2,2
2,2
2,2
2,2
2,1
1,1
2,6
2,2
2,2
2,2
2,1
2,2
3,9
2,2
2,2
2,2
14,12
2,8
2,2
2,2
2,6
2,0
0,0
1,1
3,8
2,2
2,2
3,0
2,2
2,2
2,2
2,2
3,8
1,1
2,2
2,2
2,0
1,1
3,0
1,1
1,1
3,11
3,6
2,2
3,2
2,2
2,2
2,2
2,2
2,2
2,2
2,2
2,2
3,8
2,2
6,0
2,2
10,17
1,13
3,11
3,6
3,11
2,1
2,2
3,6
2,2
2,2
2,2
2,2
3,11
2,3
2,2
14,15
2,2
2,2
3,11
2,2
3,9
2,8
1,1
3,8
2,2
3,11
2,2
2,2
1,1
2,2
17,9
3,11
1,1
1,1
5,2
2,2
2,2
3,6
2,8
2,2
6,11
2,2
6,17
2,2
2,2
2,2
2,2
2,2
1,14
2,6
2,2
3,11
2,2
1,1
2,2
2,2
1,1
2,2
2,2
0,2
2,2
3,5
2,2
1,1
3,9
2,6
2,6
2,1
2,2
3,3
2,2
14,14
2,2
2,8
3,5
2,2
2,8
2,2
2,2
2,2
48,2
2,2
2,11
3,3
3,6
2,2
2,1
2,0
2,2
2,0
3,3
3,3
2,2
2,2
2,3
2,2
2,2
2,2
1,1
3,11
2,2
2,2
2,2
3,6
2,2
3,11
2,2
1,1
2,2
2,2
2,2
1,1
3,11
2,2
2,2
2,2
2,6
2,2
2,2
2,2
2,6
1,1
2,9
2,2
2,2
2,2
2,2
1,1
2,10
1,1
2,2
2,8
2,2
2,2
2,2
2,2
3,3
2,2
2,2
1,1
2,3
3,5
3,3
3,6
2,2
2,2
2,1
2,1
3,11
3,6
2,2
2,2
2,2
2,2
2,2
3,5
2,2
3,2
2,2
2,2
2,2
2,2
2,2
17,8
2,2
2,2
2,0
2,2
1,14
2,2
2,2
3,10
3,6
3,3
2,2
2,2
2,2
1,1
2,2
2,2
2,2
1,1
2,2
2,2
2,2
2,13
1,1
2,2
2,2
3,0
2,2
3,8
3,0
3,11
2,2
2,2
2,2
1,1
2,2
3,5
2,2
2,11
1,1
2,1
3,8
3,0
2,2
2,2
2,2
2,11
1,1
2,2
2,2
0,17
2,2
2,2
2,2
2,2
2,2
2,2
2,2
3,5
2,2
2,2
2,1
1,2
3,5
2,2
1,1
2,2
3,8
2,2
2,2
6,10
2,2
2,6
2,2
2,2
3,3
2,2
2,8
5,9
3,9
2,2
1,2
3,5
1,1
2,2
2,2
3,3
1,14
2,2
2,2
2,3
1,1
2,2
2,2
2,2
2,2
3,11
3,3
2,2
1,1
2,2
3,9
2,6
2,2
2,2
3,0
3,0
1,2
2,2
2,2
2,2
2,2
2,2
2,2
2,2
2,2
2,2
2,2
2,2
2,2
2,2
2,2
2,2
14,14
2,2
2,2
2,2
1,1
2,2
2,2
3,0
3,8
2,6
2,2
2,2
3,2
2,2
3,8
0,17
14,12
2,2
2,2
2,2
2,2
2,8
2,2
2,2
2,2
3,11
1,1
1,1
2,2
1,1
2,2
1,1
3,5
6,8
1,0
2,2
2,2
1,1
2,1
2,2
3,0
2,0
2,3
2,2
1,1
3,6
3,11
2,2
2,2
2,2
3,6
3,3
3,0
2,2
2,1
2,6
2,2
2,2
1,1
3,3
2,2
2,2
2,2
2,2
1,2
3,11
3,8
2,2
2,11
2,2
1,1
2,2
2,2
2,2
2,2
2,2
2,2
3,11
2,2
3,8
2,2
1,1
2,2
2,2
2,2
2,2
2,2
3,6
14,13
2,2
2,2
1,2
2,6
14,12
1,1
3,11
2,2
2,2
1,2
2,2
2,2
2,2
3,6
1,1
2,2
2,2
3,8
2,2
2,2
2,2
11,6
2,2
2,0
2,6
2,2
2,2
1,1
6,17
10,2
2,2
3,11
3,3
2,2
2,2
2,2
2,2
2,2
3,11
3,11
2,2
2,1
2,2
17,6
3,3
2,2
1,2
2,2
3,2
2,2
1,1
2,2
2,2
2,2
2,2
3,3
0,2
2,2
2,2
3,11
2,2
2,2
1,13
2,2
3,8
3,6
14,12
3,8
2,2
2,2
2,2
2,2
2,8
2,2
2,6
2,2
2,2
3,6
2,2
1,1
2,2
2,2
5,17
2,2
2,1
2,1
10,0
3,0
2,1
2,2
1,1
3,5
3,11
2,2
2,2
1,12
1,1
2,2
2,2
2,2
2,2
2,2
2,0
2,2
1,1
2,2
1,2
1,2
3,11
2,2
3,5
2,2
2,2
2,2
17,3
2,2
2,2
2,2
2,2
2,2
1,12
9,12
2,3
3,6
1,1
2,2
2,1
2,2
2,6
1,1
3,17
2,2
2,2
3,5
2,0
2,2
2,1
2,1
2,1
2,2
1,1
2,2
2,2
3,0
3,0
2,0
2,2
2,2
1,1
2,2
3,0
3,0
3,6
3,6
9,17
2,2
1,1
1,1
2,2
2,1
2,2
2,2
2,2
2,2
3,8
1,1
1,2
3,8
2,2
3,13
6,0
2,2
2,2
2,2
2,2
2,2
2,2
2,2
2,2
2,2
3,9
2,2
2,2
1,1
2,2
2,2
2,2
2,2
1,1
2,2
2,2
2,2
2,2
1,1
2,2
2,2
1,2
2,2
2,3
2,2
2,2
3,0
3,13
1,1
3,2
2,3
2,1
2,11
2,2
2,10
2,3
2,2
1,1
2,2
3,0
2,2
2,3
3,2
2,2
2,2
2,2
2,2
2,2
6,10
1,1
2,2
3,6
2,2
2,2
2,2
2,2
2,6
2,2
2,2
2,2
3,8
2,2
2,1
3,2
2,2
1,1
2,9
2,2
2,1
2,2
2,2
2,2
1,1
2,2
2,2
2,2
1,2
2,2
2,2
2,2
2,9
3,5
1,1
2,2
2,2
2,8
1,1
2,2
3,9
3,3
2,3
2,2
3,3
2,2
2,2
2,2
2,2
2,2
3,10
2,2
3,9
3,11
2,2
2,2
2,2
2,6
2,2
2,1
2,8
1,12
2,2
3,8
3,6
2,2
2,2
3,11
2,1
2,2
2,2
2,2
3,6
2,2
2,2
2,2
3,0
3,2
2,2
3,0
3,10
2,2
2,2
3,5
2,2
2,3
2,2
2,2
2,9
2,2
2,2
2,2
3,0
2,6
1,1
6,10
2,2
2,2
3,0
2,2
2,2
2,1
2,2
2,2
3,3
2,2
2,2
2,9
2,1
1,1
2,5
2,1
2,2
3,2
1,1
3,6
2,2
2,2
2,1
2,2
6,13
2,2
2,1
2,2
2,2
2,2
3,11
2,2
2,2
2,2
3,3
1,1
1,1
2,2
3,2
3,11
2,8
2,2
3,2
1,8
2,2
3,13
1,1
3,11
2,2
2,2
2,2
3,9
2,2
2,2
1,1
2,1
1,1
2,2
2,2
2,2
2,2
1,1
2,2
2,2
3,5
3,6
3,10
2,2
2,2
1,1
3,8
1,6
2,2
2,2
2,2
2,2
2,2
2,2
1,1
2,2
2,2
2,2
3,6
2,2
2,2
2,2
3,11
2,2
3,2
2,2
2,2
2,2
2,2
2,2
2,1
3,5
2,2
2,2
1,2
2,2
1,1
2,1
